track_id,track_name,artist_id,artist_name,album_id,duration,release_date,popularity,danceability,energy,key,loudness,mode,speechiness,acousticness,instrumentalness,liveness,valence,tempo,duration_mins,playlist_id,playlist_name,release_year
5u1n1kITHCxxp8twBcZxWy,Holy (feat. Chance The Rapper),1uNFoZAHBGtllmzznpCI3s,Justin Bieber,4hR7jjsPvRwwcHx8ntJSQS,212093,2020-09-18,73,0.673,0.704,6,-8.056,1,0.36,0.196,0.0,0.0898,0.372,86.919,3.534883333333333,56uBMvAujYa1ZLSqkYk6hg,final,2020
09CtPGIpYB4BrO8qb1RGsF,Sorry,1uNFoZAHBGtllmzznpCI3s,Justin Bieber,6Fr2rQkZ383FcMqFyT7yPr,200786,2015-11-13,82,0.654,0.76,0,-3.669,0,0.045,0.0797,0.0,0.299,0.41,99.945,3.346433333333333,56uBMvAujYa1ZLSqkYk6hg,final,2015
4B0JvthVoAAuygILe3n4Bs,What Do You Mean?,1uNFoZAHBGtllmzznpCI3s,Justin Bieber,6Fr2rQkZ383FcMqFyT7yPr,205680,2015-11-13,78,0.845,0.567,5,-8.118,0,0.0956,0.59,0.00142,0.0811,0.793,125.02,3.428,56uBMvAujYa1ZLSqkYk6hg,final,2015
190jyVPHYjAqEaOGmMzdyk,Beauty And A Beat,1uNFoZAHBGtllmzznpCI3s,Justin Bieber,70f70xLCpH7wHaVvB2oZT9,227986,2012-06-15,74,0.602,0.843,0,-4.831,1,0.0593,0.000688,5.27e-05,0.0682,0.526,128.003,3.7997666666666667,56uBMvAujYa1ZLSqkYk6hg,final,2012
5GYbkDveRD2I8M5ZJ14hWn,Never Say Never,1uNFoZAHBGtllmzznpCI3s,Justin Bieber,0wZJCeyfJ0LVrrtH4CwQYw,227853,2011-01-01,72,0.739,0.807,0,-5.063,1,0.0652,0.0181,0.0,0.295,0.632,97.048,3.79755,56uBMvAujYa1ZLSqkYk6hg,final,2011
3UGIZ8qcrMTwzLbx6Kttqt,Boyfriend,1uNFoZAHBGtllmzznpCI3s,Justin Bieber,5cxMa6oLINJzmZ8lF7wWQN,171333,2012-01-01,75,0.717,0.55,10,-6.019,0,0.0521,0.0358,0.00196,0.126,0.332,96.976,2.85555,56uBMvAujYa1ZLSqkYk6hg,final,2012
61uyGDPJ06MkxJtHgPmuyO,Company,1uNFoZAHBGtllmzznpCI3s,Justin Bieber,6Fr2rQkZ383FcMqFyT7yPr,208120,2015-11-13,70,0.59,0.797,4,-4.901,0,0.0614,0.132,0.0,0.0846,0.425,94.948,3.4686666666666666,56uBMvAujYa1ZLSqkYk6hg,final,2015
6eDApnV9Jdb1nYahOlbbUh,One Time,1uNFoZAHBGtllmzznpCI3s,Justin Bieber,1rG5TDs3jYh6OU753I54CI,215866,2009-01-01,71,0.691,0.853,1,-2.528,0,0.0372,0.0631,7.13e-05,0.082,0.762,145.999,3.597766666666667,56uBMvAujYa1ZLSqkYk6hg,final,2009
0SNIAtRCPVVLoGEPcuHSIc,I'll Show You,1uNFoZAHBGtllmzznpCI3s,Justin Bieber,6Fr2rQkZ383FcMqFyT7yPr,199946,2015-11-13,64,0.361,0.608,9,-6.757,0,0.098,0.05,7.96e-05,0.183,0.0789,191.812,3.3324333333333334,56uBMvAujYa1ZLSqkYk6hg,final,2015
69ghzc538EQSVon2Gm3wrr,One Less Lonely Girl,1uNFoZAHBGtllmzznpCI3s,Justin Bieber,1rG5TDs3jYh6OU753I54CI,229106,2009-01-01,69,0.58,0.75,4,-4.421,1,0.194,0.159,0.0,0.274,0.728,86.938,3.818433333333333,56uBMvAujYa1ZLSqkYk6hg,final,2009
2VxeLyX666F8uXCJ0dZF8B,Shallow,1HY2Jd0NmPuamShAr6KMms,Lady Gaga,4sLtOBOzn4s3GDUv3c5oJD,215733,2018-10-05,84,0.572,0.385,7,-6.362,1,0.0308,0.371,0.0,0.231,0.323,95.799,3.59555,56uBMvAujYa1ZLSqkYk6hg,final,2018
2fbJ5Msx8KoDKpyufH5YsU,I'll Never Love Again - Extended Version,1HY2Jd0NmPuamShAr6KMms,Lady Gaga,4sLtOBOzn4s3GDUv3c5oJD,328893,2018-10-05,67,0.406,0.359,7,-6.145,1,0.0293,0.685,3.67e-06,0.122,0.202,109.246,5.48155,56uBMvAujYa1ZLSqkYk6hg,final,2018
0SiywuOBRcynK0uKGWdCnn,Bad Romance,1HY2Jd0NmPuamShAr6KMms,Lady Gaga,6rePArBMb5nLWEaY9aQqL4,294573,2009-11-05,83,0.696,0.921,0,-3.755,1,0.0363,0.00314,5.24e-05,0.0842,0.714,119.001,4.90955,56uBMvAujYa1ZLSqkYk6hg,final,2009
7dZ1Odmx9jWIweQSatnRqo,Million Reasons,1HY2Jd0NmPuamShAr6KMms,Lady Gaga,2ZUwFxlWo0gwTsvZ6L4Meh,205280,2016-10-21,77,0.666,0.423,0,-8.012,1,0.043,0.494,0.0,0.106,0.154,129.89,3.421333333333333,56uBMvAujYa1ZLSqkYk6hg,final,2016
4TCL0qqKyqsMZml0G3M9IM,Telephone,1HY2Jd0NmPuamShAr6KMms,Lady Gaga,6rePArBMb5nLWEaY9aQqL4,220640,2009-11-05,73,0.824,0.836,3,-5.903,1,0.0404,0.00521,0.000817,0.112,0.716,122.014,3.6773333333333333,56uBMvAujYa1ZLSqkYk6hg,final,2009
1HHeOs6zRdF8Ck58easiAY,Alejandro,1HY2Jd0NmPuamShAr6KMms,Lady Gaga,6rePArBMb5nLWEaY9aQqL4,274213,2009-11-05,73,0.623,0.793,11,-6.63,0,0.0462,0.000397,0.0015,0.375,0.36,98.998,4.570216666666667,56uBMvAujYa1ZLSqkYk6hg,final,2009
1dzQoRqT5ucxXVaAhTcT0J,Just Dance,1HY2Jd0NmPuamShAr6KMms,Lady Gaga,1qwlxZTNLe1jq3b0iidlue,241933,2008-01-01,81,0.822,0.739,1,-4.541,0,0.0311,0.0264,4.26e-05,0.181,0.745,118.992,4.032216666666667,56uBMvAujYa1ZLSqkYk6hg,final,2008
5ka2ajep9OAvU5Sgduhiex,Applause,1HY2Jd0NmPuamShAr6KMms,Lady Gaga,2eRJUtI7nXrQ5uYQ7tzTo9,212333,2013-11-11,74,0.669,0.78,7,-4.287,0,0.053,0.0265,1.63e-06,0.143,0.738,139.945,3.538883333333333,56uBMvAujYa1ZLSqkYk6hg,final,2013
5YWHg9507fUXvtdSW3x6cF,Come To Mama,1HY2Jd0NmPuamShAr6KMms,Lady Gaga,2ZUwFxlWo0gwTsvZ6L4Meh,254773,2016-10-21,48,0.395,0.867,0,-5.805,1,0.105,0.0161,0.0,0.141,0.557,179.911,4.246216666666666,56uBMvAujYa1ZLSqkYk6hg,final,2016
172e82oK9vGoBPvc6SqMm5,Is That Alright?,1HY2Jd0NmPuamShAr6KMms,Lady Gaga,4sLtOBOzn4s3GDUv3c5oJD,191280,2018-10-05,63,0.557,0.279,6,-7.757,1,0.0372,0.868,1.25e-05,0.0978,0.263,102.727,3.188,56uBMvAujYa1ZLSqkYk6hg,final,2018
30XU4suKzCeoCK9YFzdufg,Born This Way,1HY2Jd0NmPuamShAr6KMms,Lady Gaga,6LY3AerY6KNGOPsNPL63Kk,260253,2011-05-23,75,0.587,0.828,11,-5.108,1,0.161,0.00327,0.0,0.331,0.494,123.907,4.33755,56uBMvAujYa1ZLSqkYk6hg,final,2011
1l9G7M8gNyQsgOGWZGoQsT,Look What I Found,1HY2Jd0NmPuamShAr6KMms,Lady Gaga,4sLtOBOzn4s3GDUv3c5oJD,175240,2018-10-05,61,0.849,0.493,1,-4.1,0,0.0417,0.456,0.000463,0.133,0.447,97.012,2.9206666666666665,56uBMvAujYa1ZLSqkYk6hg,final,2018
0eH2eHURaXUP15D8gQlfjx,LoveGame,1HY2Jd0NmPuamShAr6KMms,Lady Gaga,1qwlxZTNLe1jq3b0iidlue,216333,2008-01-01,75,0.894,0.678,6,-5.611,0,0.0523,0.00569,2.43e-06,0.317,0.844,105.024,3.60555,56uBMvAujYa1ZLSqkYk6hg,final,2008
4rYLpaNFzt6pkQnrCvVHUw,G.U.Y.,1HY2Jd0NmPuamShAr6KMms,Lady Gaga,2eRJUtI7nXrQ5uYQ7tzTo9,232666,2013-11-11,66,0.616,0.919,5,-3.468,0,0.0401,0.0141,0.0,0.117,0.572,110.008,3.8777666666666666,56uBMvAujYa1ZLSqkYk6hg,final,2013
56ZrTFkANjeAMiS14njg4E,Perfect Illusion,1HY2Jd0NmPuamShAr6KMms,Lady Gaga,2ZUwFxlWo0gwTsvZ6L4Meh,182000,2016-10-21,63,0.613,0.857,1,-5.492,0,0.0366,0.0012,0.0,0.358,0.664,124.987,3.033333333333333,56uBMvAujYa1ZLSqkYk6hg,final,2016
3n3S5cH3IyaOswY2XSUGTS,Venus,1HY2Jd0NmPuamShAr6KMms,Lady Gaga,2eRJUtI7nXrQ5uYQ7tzTo9,233720,2013-11-11,62,0.811,0.895,5,-4.304,0,0.0608,0.0267,0.0,0.104,0.736,121.01,3.8953333333333333,56uBMvAujYa1ZLSqkYk6hg,final,2013
75JFxkI2RXiU7L9VXzMkle,The Scientist,4gzpq5DPGxSnKTe4SA8HAU,Coldplay,0RHX9XECH8IVI3LNgWDpmQ,309600,2002-08-08,85,0.557,0.442,5,-7.224,1,0.0243,0.731,1.46e-05,0.11,0.213,146.277,5.16,56uBMvAujYa1ZLSqkYk6hg,final,2002
6RUKPb4LETWmmr3iAEQktW,Something Just Like This,69GGBxA162lTqCwzJG5jLp,The Chainsmokers,4JPguzRps3kuWDD5GS6oXr,247160,2017-04-07,85,0.617,0.635,11,-6.769,0,0.0317,0.0498,1.44e-05,0.164,0.446,103.019,4.1193333333333335,56uBMvAujYa1ZLSqkYk6hg,final,2017
69uxyAqqPIsUyTO8txoP2M,Adventure of a Lifetime,4gzpq5DPGxSnKTe4SA8HAU,Coldplay,3cfAM8b8KqJRoIzt3zLKqw,263786,2015-12-04,78,0.638,0.924,7,-3.887,1,0.036,0.00205,0.000175,0.149,0.53,111.995,4.396433333333333,56uBMvAujYa1ZLSqkYk6hg,final,2015
7LVHVU3tWfcxj5aiPFEW4Q,Fix You,4gzpq5DPGxSnKTe4SA8HAU,Coldplay,4E7bV0pzG0LciBSWTszra6,295533,2005-06-07,83,0.209,0.417,3,-8.74,1,0.0338,0.164,0.00196,0.113,0.124,138.178,4.92555,56uBMvAujYa1ZLSqkYk6hg,final,2005
0BCPKOYdS2jbQ8iyB56Zns,Clocks,4gzpq5DPGxSnKTe4SA8HAU,Coldplay,0RHX9XECH8IVI3LNgWDpmQ,307879,2002-08-08,82,0.577,0.749,5,-7.215,0,0.0279,0.599,0.0115,0.183,0.255,130.97,5.131316666666667,56uBMvAujYa1ZLSqkYk6hg,final,2002
2nvC4i2aMo4CzRjRflysah,In My Place,4gzpq5DPGxSnKTe4SA8HAU,Coldplay,0RHX9XECH8IVI3LNgWDpmQ,226680,2002-08-08,74,0.424,0.588,9,-5.455,1,0.0278,0.0553,4.95e-06,0.298,0.193,144.636,3.778,56uBMvAujYa1ZLSqkYk6hg,final,2002
7clUVcSOtkNWa58Gw5RfD4,Speed of Sound,4gzpq5DPGxSnKTe4SA8HAU,Coldplay,4E7bV0pzG0LciBSWTszra6,287906,2005-06-07,72,0.514,0.898,11,-6.765,0,0.0577,0.00488,0.0345,0.0746,0.353,123.067,4.7984333333333336,56uBMvAujYa1ZLSqkYk6hg,final,2005
31L9yLXSj6LpCFupyMV6CR,Up&Up,4gzpq5DPGxSnKTe4SA8HAU,Coldplay,3cfAM8b8KqJRoIzt3zLKqw,405320,2015-12-04,68,0.479,0.717,7,-5.459,1,0.0605,0.0488,0.000333,0.102,0.253,163.989,6.755333333333334,56uBMvAujYa1ZLSqkYk6hg,final,2015
2U8g9wVcUu9wsg6i7sFSv8,Every Teardrop Is a Waterfall,4gzpq5DPGxSnKTe4SA8HAU,Coldplay,2R7iJz5uaHjLEVnMkloO18,240796,2011-10-24,70,0.425,0.732,9,-6.883,1,0.0396,0.00194,0.0103,0.171,0.333,117.98,4.0132666666666665,56uBMvAujYa1ZLSqkYk6hg,final,2011
0R8P9KfGJCDULmlEoBagcO,Trouble,4gzpq5DPGxSnKTe4SA8HAU,Coldplay,6ZG5lRT77aJ3btmArcykra,273426,2000-07-10,73,0.565,0.546,11,-7.496,0,0.0314,0.189,0.0015,0.17,0.195,139.757,4.5571,56uBMvAujYa1ZLSqkYk6hg,final,2000
1yqMgZNrevsWMLWfO2PRp5,Charlie Brown,4gzpq5DPGxSnKTe4SA8HAU,Coldplay,2R7iJz5uaHjLEVnMkloO18,285159,2011-10-24,69,0.43,0.74,10,-7.072,1,0.0375,0.0212,0.00165,0.33,0.0948,137.978,4.75265,56uBMvAujYa1ZLSqkYk6hg,final,2011
23khhseCLQqVMCIT1WMAns,Magic,4gzpq5DPGxSnKTe4SA8HAU,Coldplay,2G4AUqfwxcV1UdQjm2ouYr,285014,2014-05-19,74,0.738,0.482,6,-8.917,0,0.0402,0.0266,0.621,0.106,0.352,93.457,4.750233333333333,56uBMvAujYa1ZLSqkYk6hg,final,2014
5LXj9Ch3O9ATm1NoHT8GXn,Hypnotised,4gzpq5DPGxSnKTe4SA8HAU,Coldplay,165kxlULHc34us8oU420iw,355172,2017-03-02,50,0.513,0.683,5,-6.185,1,0.032,0.339,0.739,0.0871,0.153,120.056,5.919533333333334,56uBMvAujYa1ZLSqkYk6hg,final,2017
0fQuzbQNLcD1ofo7B2NcFI,True Love,4gzpq5DPGxSnKTe4SA8HAU,Coldplay,2G4AUqfwxcV1UdQjm2ouYr,246000,2014-05-19,57,0.482,0.573,11,-7.966,1,0.028,0.00376,0.077,0.123,0.184,119.991,4.1,56uBMvAujYa1ZLSqkYk6hg,final,2014
4HXOBjwv2RnLpGG4xWOO6N,Princess of China,4gzpq5DPGxSnKTe4SA8HAU,Coldplay,2R7iJz5uaHjLEVnMkloO18,239215,2011-10-24,70,0.42,0.69,9,-6.221,0,0.0347,0.00385,0.015,0.287,0.237,85.014,3.9869166666666667,56uBMvAujYa1ZLSqkYk6hg,final,2011
5qfZRNjt2TkHEL12r3sDEU,Everglow,4gzpq5DPGxSnKTe4SA8HAU,Coldplay,3cfAM8b8KqJRoIzt3zLKqw,282693,2015-12-04,69,0.534,0.445,4,-9.155,1,0.0292,0.456,0.0684,0.112,0.136,146.107,4.71155,56uBMvAujYa1ZLSqkYk6hg,final,2015
1STAWoWHYJh2UVUx41pYMD,Lost!,4gzpq5DPGxSnKTe4SA8HAU,Coldplay,1CEODgTmTwLyabvwd7HBty,236213,2008-05-26,52,0.359,0.779,7,-7.52,1,0.0412,0.0057,0.837,0.379,0.582,86.951,3.9368833333333333,56uBMvAujYa1ZLSqkYk6hg,final,2008
44LVgFZvUcBYo98vy71tvd,Gravity,4gzpq5DPGxSnKTe4SA8HAU,Coldplay,5PqZvEQFscV66LOl52oGBS,380946,2005-12-19,59,0.377,0.33,3,-11.119,1,0.0305,0.911,0.016,0.098,0.0442,115.995,6.3491,56uBMvAujYa1ZLSqkYk6hg,final,2005
0FMjqbY3aWo1QDbo3GwXib,Always in My Head,4gzpq5DPGxSnKTe4SA8HAU,Coldplay,2G4AUqfwxcV1UdQjm2ouYr,216626,2014-05-19,65,0.495,0.502,5,-9.307,1,0.0259,0.0127,0.689,0.068,0.0394,97.546,3.6104333333333334,56uBMvAujYa1ZLSqkYk6hg,final,2014
4Tw9JYF9HOuPRyccNWMgwf,The Hardest Part,4gzpq5DPGxSnKTe4SA8HAU,Coldplay,4E7bV0pzG0LciBSWTszra6,262880,2005-06-07,63,0.5,0.844,10,-5.883,1,0.0368,0.0228,0.00398,0.455,0.445,123.721,4.381333333333333,56uBMvAujYa1ZLSqkYk6hg,final,2005
4wzt5Rrk3W98pHXAqutuJw,Talk,4gzpq5DPGxSnKTe4SA8HAU,Coldplay,4E7bV0pzG0LciBSWTszra6,311291,2005-06-07,64,0.415,0.554,7,-10.839,0,0.0334,0.00541,0.00202,0.155,0.163,120.318,5.188183333333333,56uBMvAujYa1ZLSqkYk6hg,final,2005
6f49kbOuQSOsStBpyGvQfA,A Head Full of Dreams,4gzpq5DPGxSnKTe4SA8HAU,Coldplay,3cfAM8b8KqJRoIzt3zLKqw,223773,2015-12-04,68,0.449,0.92,11,-4.982,1,0.0737,0.0021,0.0167,0.334,0.0772,122.984,3.72955,56uBMvAujYa1ZLSqkYk6hg,final,2015
77yuzxCS3csrgTPSW0pvyk,O,4gzpq5DPGxSnKTe4SA8HAU,Coldplay,2G4AUqfwxcV1UdQjm2ouYr,323480,2014-05-19,62,0.371,0.216,10,-14.727,1,0.0358,0.911,0.826,0.0934,0.0645,136.998,5.391333333333334,56uBMvAujYa1ZLSqkYk6hg,final,2014
7H7NI75DdeaOW7c70oYtjM,Life in Technicolor ii,4gzpq5DPGxSnKTe4SA8HAU,Coldplay,71pRFAwHBLrjKYRG7V1Q2o,245099,2008-11-24,53,0.472,0.909,9,-7.073,1,0.0391,0.00158,5.16e-05,0.248,0.278,131.051,4.084983333333334,56uBMvAujYa1ZLSqkYk6hg,final,2008
6c6W25YoDGjTq3qSPOga5t,Ink,4gzpq5DPGxSnKTe4SA8HAU,Coldplay,2G4AUqfwxcV1UdQjm2ouYr,228373,2014-05-19,61,0.688,0.705,6,-7.311,1,0.0323,0.0647,0.124,0.118,0.696,112.019,3.806216666666667,56uBMvAujYa1ZLSqkYk6hg,final,2014
2QhURnm7mQDxBb5jWkbDug,Don't Panic,4gzpq5DPGxSnKTe4SA8HAU,Coldplay,6ZG5lRT77aJ3btmArcykra,136866,2000-07-10,71,0.602,0.612,0,-8.409,1,0.0335,0.206,0.00607,0.107,0.453,122.062,2.2811,56uBMvAujYa1ZLSqkYk6hg,final,2000
4hf0hL4kWyjWztZzVsM39V,God Put a Smile upon Your Face,4gzpq5DPGxSnKTe4SA8HAU,Coldplay,0RHX9XECH8IVI3LNgWDpmQ,297306,2002-08-08,65,0.611,0.556,9,-5.761,1,0.0288,0.175,7.14e-05,0.0359,0.252,126.532,4.9551,56uBMvAujYa1ZLSqkYk6hg,final,2002
1byIZa6CFerX5WXShwqAvf,Miracles,4gzpq5DPGxSnKTe4SA8HAU,Coldplay,0uuZrEIgmnp4tQ3VkNLXAc,235342,2014-12-12,57,0.35,0.572,5,-8.399,1,0.0253,0.0222,0.0214,0.146,0.109,93.013,3.9223666666666666,56uBMvAujYa1ZLSqkYk6hg,final,2014
0qksx8mV28lztYIZ1om8ml,Shiver,4gzpq5DPGxSnKTe4SA8HAU,Coldplay,6ZG5lRT77aJ3btmArcykra,304200,2000-07-10,67,0.396,0.803,4,-6.186,1,0.0487,0.0334,0.0,0.0688,0.286,116.705,5.07,56uBMvAujYa1ZLSqkYk6hg,final,2000
1uKzAldJYlwje9HstlwTie,See You Soon,4gzpq5DPGxSnKTe4SA8HAU,Coldplay,3MVb2CWB36x7VwYo5sZmf2,171373,1999-10-11,63,0.369,0.295,4,-12.779,1,0.0351,0.657,1.54e-05,0.107,0.211,92.226,2.8562166666666666,56uBMvAujYa1ZLSqkYk6hg,final,1999
1ZqHjApl3pfzwjweTfMi0g,Violet Hill,4gzpq5DPGxSnKTe4SA8HAU,Coldplay,1CEODgTmTwLyabvwd7HBty,222653,2008-05-26,66,0.33,0.58,1,-7.875,0,0.0374,0.0614,0.00129,0.115,0.11,76.093,3.7108833333333333,56uBMvAujYa1ZLSqkYk6hg,final,2008
4bPkBHKLKd9WHizsvM2zV3,Warning Sign,4gzpq5DPGxSnKTe4SA8HAU,Coldplay,0RHX9XECH8IVI3LNgWDpmQ,331133,2002-08-08,63,0.532,0.433,3,-9.423,1,0.0278,0.0942,0.0121,0.142,0.0395,140.666,5.518883333333333,56uBMvAujYa1ZLSqkYk6hg,final,2002
2dphvmoLEXdk8hOYxmHlI3,Strawberry Swing,4gzpq5DPGxSnKTe4SA8HAU,Coldplay,1CEODgTmTwLyabvwd7HBty,249666,2008-05-26,57,0.378,0.663,1,-10.476,1,0.0458,0.00722,0.797,0.191,0.428,173.136,4.1611,56uBMvAujYa1ZLSqkYk6hg,final,2008
6hFi0gXP8KItwMqfBgf44b,Bad Liar – Stripped,53XhwfbYqKCa1cC15pYq2q,Imagine Dragons,58401eNNELkIVx3xiwzJFy,253227,2019-05-31,62,0.317,0.373,8,-9.603,1,0.0326,0.369,0.0,0.0827,0.167,87.675,4.22045,56uBMvAujYa1ZLSqkYk6hg,final,2019
62yJjFtgkhUrXktIoSjgP2,Radioactive,53XhwfbYqKCa1cC15pYq2q,Imagine Dragons,6nxDQi0FeEwccEPJeNySoS,186813,2012-09-04,80,0.448,0.784,9,-3.686,1,0.0627,0.106,0.000108,0.668,0.236,136.245,3.11355,56uBMvAujYa1ZLSqkYk6hg,final,2012
2FY7b99s15jUprqC0M5NCT,Natural,53XhwfbYqKCa1cC15pYq2q,Imagine Dragons,3JfSxDfmwS5OeHPwLSkrfr,189466,2018-11-09,82,0.704,0.611,2,-6.112,1,0.0409,0.217,0.0,0.0812,0.22,100.0,3.157766666666667,56uBMvAujYa1ZLSqkYk6hg,final,2018
6Tvzf3VEi16JMhAgOwdt2y,Birds,53XhwfbYqKCa1cC15pYq2q,Imagine Dragons,3JfSxDfmwS5OeHPwLSkrfr,219440,2018-11-09,72,0.649,0.517,1,-7.428,0,0.0297,0.0146,1.63e-06,0.145,0.35,119.997,3.6573333333333333,56uBMvAujYa1ZLSqkYk6hg,final,2018
5qaEfEh1AtSdrdrByCP7qR,Demons,53XhwfbYqKCa1cC15pYq2q,Imagine Dragons,6nxDQi0FeEwccEPJeNySoS,177506,2012-09-04,84,0.505,0.71,3,-3.015,1,0.0321,0.19,0.00025,0.269,0.428,89.938,2.9584333333333332,56uBMvAujYa1ZLSqkYk6hg,final,2012
6Qn5zhYkTa37e91HC1D7lb,Whatever It Takes,53XhwfbYqKCa1cC15pYq2q,Imagine Dragons,33pt9HBdGlAbRGBHQgsZsU,201240,2017-06-23,81,0.672,0.655,10,-5.021,0,0.0311,0.0362,0.0,0.117,0.556,134.945,3.354,56uBMvAujYa1ZLSqkYk6hg,final,2017
1sWeSMifj6Z6kZyI6z3bRc,Warriors,53XhwfbYqKCa1cC15pYq2q,Imagine Dragons,6rRFeV6xigfNyPoZ6YqcoW,171040,2015-05-18,74,0.365,0.851,4,-6.238,0,0.0645,0.0964,0.003,0.237,0.309,78.086,2.8506666666666667,56uBMvAujYa1ZLSqkYk6hg,final,2015
4dASQiO1Eoo3RJvt74FtXB,"Sucker for Pain (with Wiz Khalifa, Imagine Dragons, Logic & Ty Dolla $ign feat. X Ambassadors)",55Aa2cqylxrFIXC767Z865,Lil Wayne,704GHNtZhEe9TBgleCNNGv,243490,2016-06-24,77,0.502,0.786,9,-4.378,0,0.317,0.255,0.0,0.65,0.739,169.021,4.058166666666667,56uBMvAujYa1ZLSqkYk6hg,final,2016
0TvQLMecTE8utzoNmvXRbK,Bad Blood,06HL4z0CvFAxyc27GXpf02,Taylor Swift,5fy0X0JmZRZnVa2UEicIOl,211933,2014-01-01,76,0.652,0.802,7,-6.114,1,0.181,0.0871,6.45e-06,0.148,0.295,170.157,3.532216666666667,56uBMvAujYa1ZLSqkYk6hg,final,2014
1u8c2t2Cy7UBoG4ArRcF5g,Blank Space,06HL4z0CvFAxyc27GXpf02,Taylor Swift,1yGbNOtRIgdIiGHOEBaZWf,231826,2014-01-01,85,0.76,0.703,5,-5.412,1,0.054,0.103,0.0,0.0913,0.57,95.997,3.863766666666667,56uBMvAujYa1ZLSqkYk6hg,final,2014
1P17dC1amhFzptugyAO7Il,Look What You Made Me Do,06HL4z0CvFAxyc27GXpf02,Taylor Swift,6DEjYFkNZh67HP7R9PSZvv,211853,2017-11-10,79,0.766,0.709,9,-6.471,0,0.123,0.204,1.41e-05,0.126,0.506,128.07,3.530883333333333,56uBMvAujYa1ZLSqkYk6hg,final,2017
04S1pkp1VaIqjg8zZqknR5,Enchanted,06HL4z0CvFAxyc27GXpf02,Taylor Swift,6Ar2o9KCqcyYF9J0aQP3au,352200,2010-10-25,76,0.535,0.618,8,-3.913,1,0.0273,0.0716,0.000388,0.169,0.228,81.975,5.87,56uBMvAujYa1ZLSqkYk6hg,final,2010
5l6GqSxplqnZbLg0LTPQeG,Back To December,06HL4z0CvFAxyc27GXpf02,Taylor Swift,6Ar2o9KCqcyYF9J0aQP3au,293040,2010-10-25,70,0.517,0.606,2,-5.797,1,0.0289,0.0202,0.0,0.324,0.296,141.929,4.884,56uBMvAujYa1ZLSqkYk6hg,final,2010
6NFyWDv5CjfwuzoCkw47Xf,Delicate,06HL4z0CvFAxyc27GXpf02,Taylor Swift,6DEjYFkNZh67HP7R9PSZvv,232253,2017-11-10,79,0.75,0.404,9,-10.178,0,0.0682,0.216,0.000357,0.0911,0.0499,95.045,3.8708833333333335,56uBMvAujYa1ZLSqkYk6hg,final,2017
3RaT22zZsxVYxxKR7TAaYF,"no body, no crime (feat. HAIM)",06HL4z0CvFAxyc27GXpf02,Taylor Swift,2Xoteh7uEpea4TohMxjtaq,215626,2020-12-11,68,0.546,0.613,7,-7.589,0,0.0264,0.418,0.0,0.103,0.535,79.015,3.5937666666666668,56uBMvAujYa1ZLSqkYk6hg,final,2020
0qUnBLZ8bJqUNEeQgayL9t,Out Of The Woods,06HL4z0CvFAxyc27GXpf02,Taylor Swift,1yGbNOtRIgdIiGHOEBaZWf,235800,2014-01-01,69,0.553,0.841,7,-6.937,1,0.0396,0.000743,1.19e-05,0.341,0.338,92.008,3.93,56uBMvAujYa1ZLSqkYk6hg,final,2014
4pvb0WLRcMtbPGmtejJJ6y,exile (feat. Bon Iver),06HL4z0CvFAxyc27GXpf02,Taylor Swift,2fenSS68JI1h4Fo296JfGr,285634,2020-07-24,79,0.298,0.38,6,-8.426,1,0.0287,0.778,5.62e-05,0.11,0.152,75.602,4.760566666666667,56uBMvAujYa1ZLSqkYk6hg,final,2020
3rWDp9tBPQR9z6U5YyRSK4,Midnight Rain,06HL4z0CvFAxyc27GXpf02,Taylor Swift,151w1FgRZfnKZA9FEcg9Z3,174782,2022-10-21,90,0.643,0.363,0,-11.738,1,0.0767,0.69,5.17e-05,0.115,0.23,139.865,2.9130333333333334,56uBMvAujYa1ZLSqkYk6hg,final,2022
5pyoxDZ1PX0KxBxiRVxA4U,BREAK MY SOUL,6vWDO969PvNqNYHIOW5v0m,Beyoncé,6FJxoadUE4JNVwWHghBwnb,278281,2022-07-29,79,0.693,0.887,1,-5.039,0,0.0795,0.0581,2.71e-06,0.27,0.864,114.942,4.638016666666666,56uBMvAujYa1ZLSqkYk6hg,final,2022
4JehYebiI9JE8sR8MisGVb,Halo,6vWDO969PvNqNYHIOW5v0m,Beyoncé,39P7VD7qlg3Z0ltq60eHp7,261640,2008-11-17,75,0.508,0.72,11,-5.908,0,0.0628,0.272,0.0,0.0563,0.472,79.983,4.360666666666667,56uBMvAujYa1ZLSqkYk6hg,final,2008
0314PeD1sQNonfVWix3B2K,ENERGY (feat. Beam),6vWDO969PvNqNYHIOW5v0m,Beyoncé,6FJxoadUE4JNVwWHghBwnb,116727,2022-07-29,76,0.903,0.519,1,-9.151,1,0.26,0.281,0.000106,0.155,0.587,114.991,1.94545,56uBMvAujYa1ZLSqkYk6hg,final,2022
6g0Orsxv6glTJCt4cHsRsQ,Formation,6vWDO969PvNqNYHIOW5v0m,Beyoncé,7dK54iZuOxXFarGhXwEXfF,206080,2016-04-23,71,0.896,0.621,5,-6.857,0,0.237,0.00532,0.0,0.196,0.818,121.966,3.4346666666666668,56uBMvAujYa1ZLSqkYk6hg,final,2016
7lUA4P03AhwAw40JHkdyGr,Pretty Hurts,6vWDO969PvNqNYHIOW5v0m,Beyoncé,2UJwKSBUz6rtW4QLK74kQu,257653,2014-11-24,63,0.512,0.624,11,-6.761,1,0.0509,0.00305,0.000172,0.346,0.2,129.932,4.294216666666666,56uBMvAujYa1ZLSqkYk6hg,final,2014
1uXbwHHfgsXcUKfSZw5ZJ0,Run the World (Girls),6vWDO969PvNqNYHIOW5v0m,Beyoncé,1gIC63gC3B7o7FfpPACZQJ,236093,2011-06-24,72,0.732,0.899,0,-4.237,1,0.143,0.00496,4.64e-05,0.372,0.759,127.091,3.9348833333333335,56uBMvAujYa1ZLSqkYk6hg,final,2011
2HWWNoWEEEECwZhAiLg7ib,Beautiful Liar,6vWDO969PvNqNYHIOW5v0m,Beyoncé,0Zd10MKN5j9KwUST0TdBBB,199853,2007-05-29,66,0.764,0.751,8,-3.74,1,0.0703,0.00554,0.000237,0.164,0.418,91.977,3.3308833333333334,56uBMvAujYa1ZLSqkYk6hg,final,2007
5R9a4t5t5O0IsznsrKPVro,Single Ladies (Put a Ring on It),6vWDO969PvNqNYHIOW5v0m,Beyoncé,39P7VD7qlg3Z0ltq60eHp7,193213,2008-11-17,68,0.426,0.584,1,-5.293,1,0.296,0.0383,0.0,0.188,0.272,193.437,3.2202166666666665,56uBMvAujYa1ZLSqkYk6hg,final,2008
6jG2YzhxptolDzLHTGLt7S,Drunk in Love (feat. Jay-Z),6vWDO969PvNqNYHIOW5v0m,Beyoncé,2UJwKSBUz6rtW4QLK74kQu,323480,2014-11-24,71,0.583,0.621,5,-6.902,0,0.0479,0.00972,0.00106,0.181,0.399,140.036,5.391333333333334,56uBMvAujYa1ZLSqkYk6hg,final,2014
3lBRNqXjPp2j3JMTCXDTNO,Best Thing I Never Had,6vWDO969PvNqNYHIOW5v0m,Beyoncé,1gIC63gC3B7o7FfpPACZQJ,253746,2011-06-24,69,0.546,0.649,6,-4.056,1,0.0324,0.143,1.55e-05,0.0894,0.298,99.05,4.2291,56uBMvAujYa1ZLSqkYk6hg,final,2011
1z6WtY7X4HQJvzxC4UgkSf,Love On Top,6vWDO969PvNqNYHIOW5v0m,Beyoncé,1gIC63gC3B7o7FfpPACZQJ,267413,2011-06-24,74,0.652,0.749,0,-5.248,1,0.0886,0.0848,0.0,0.604,0.651,94.103,4.456883333333334,56uBMvAujYa1ZLSqkYk6hg,final,2011
0B3FovCVaGKS5w1FTidEUP,BROWN SKIN GIRL,3XV0lFzNs8BCTwhJTcMiBr,Blue Ivy,552zi1M53PQAX5OH4FIdTx,248472,2019-07-19,63,0.603,0.602,6,-7.083,1,0.23,0.049,0.0,0.279,0.595,119.703,4.1412,56uBMvAujYa1ZLSqkYk6hg,final,2019
1zSKtBze2IReYU44W0lDzd,Can You Feel the Love Tonight,6vWDO969PvNqNYHIOW5v0m,Beyoncé,7e8y48Z2fkJNGBOKSECCeS,182613,2019-07-11,59,0.337,0.331,5,-10.16,1,0.0385,0.657,0.0,0.085,0.35,103.203,3.04355,56uBMvAujYa1ZLSqkYk6hg,final,2019
7LikBkHerFGZ58QHVOKp1t,Before I Let Go - Homecoming Live Bonus Track,6vWDO969PvNqNYHIOW5v0m,Beyoncé,35S1JCj5paIfElT2GODl6x,240776,2019-04-17,55,0.71,0.842,6,-5.424,0,0.0944,0.0686,0.0,0.337,0.435,102.994,4.012933333333334,56uBMvAujYa1ZLSqkYk6hg,final,2019
7oqftogUN82Q7VNy2TmTJW,MOOD 4 EVA (feat. Oumou Sangaré),6vWDO969PvNqNYHIOW5v0m,Beyoncé,552zi1M53PQAX5OH4FIdTx,272068,2019-07-19,54,0.608,0.709,7,-6.175,1,0.374,0.119,0.0,0.337,0.709,105.742,4.534466666666667,56uBMvAujYa1ZLSqkYk6hg,final,2019
38SueFAjT6jtFneyoQamYi,Spirit,6vWDO969PvNqNYHIOW5v0m,Beyoncé,7e8y48Z2fkJNGBOKSECCeS,273120,2019-07-11,51,0.443,0.406,5,-9.064,1,0.0391,0.00903,0.0,0.0979,0.0558,80.896,4.552,56uBMvAujYa1ZLSqkYk6hg,final,2019
6tgEc2O1uFHcZDKPoo6PC8,ALREADY,6vWDO969PvNqNYHIOW5v0m,Beyoncé,552zi1M53PQAX5OH4FIdTx,222529,2019-07-19,64,0.647,0.732,2,-5.846,1,0.0891,0.0846,0.0,0.597,0.548,67.295,3.708816666666667,56uBMvAujYa1ZLSqkYk6hg,final,2019
5hgnY0mVcVetszbb85qeDg,Partition,6vWDO969PvNqNYHIOW5v0m,Beyoncé,2UJwKSBUz6rtW4QLK74kQu,319466,2014-11-24,70,0.418,0.441,11,-11.522,0,0.283,0.029,0.0707,0.306,0.172,175.928,5.324433333333333,56uBMvAujYa1ZLSqkYk6hg,final,2014
02M6vucOvmRfMxTXDUwRXu,7/11,6vWDO969PvNqNYHIOW5v0m,Beyoncé,2UJwKSBUz6rtW4QLK74kQu,213506,2014-11-24,69,0.747,0.705,9,-5.137,0,0.126,0.0128,0.0,0.126,0.56,136.024,3.5584333333333333,56uBMvAujYa1ZLSqkYk6hg,final,2014
6Im9k8u9iIzKMrmV7BWtlF,34+35,66CXWjxzNUsdJxJ2JdwvnR,Ariana Grande,3euz4vS7ezKGnNSwgyvKcd,173710,2020-10-30,81,0.83,0.585,0,-6.476,1,0.094,0.237,0.0,0.248,0.485,109.978,2.895166666666667,56uBMvAujYa1ZLSqkYk6hg,final,2020
5OCJzvD7sykQEKHH7qAC3C,God is a woman,66CXWjxzNUsdJxJ2JdwvnR,Ariana Grande,3tx8gQqWbGwqIGZHqDNrGe,197546,2018-08-17,79,0.602,0.658,1,-5.934,1,0.0558,0.0233,6e-05,0.237,0.268,145.031,3.2924333333333333,56uBMvAujYa1ZLSqkYk6hg,final,2018
0puf9yIluy9W0vpMEUoAnN,Bang Bang,2gsggkzM5R49q6jpPvazou,Jessie J,2rDIivxBafNKpgRqlzIRSb,199386,2014-10-14,79,0.706,0.786,0,-3.417,0,0.091,0.26,0.0,0.38,0.751,150.028,3.3231,56uBMvAujYa1ZLSqkYk6hg,final,2014
4kV4N9D1iKVxx1KLvtTpjS,"break up with your girlfriend, i'm bored",66CXWjxzNUsdJxJ2JdwvnR,Ariana Grande,2fYhqwDWXjbpjaIJPEfKFw,190440,2019-02-08,78,0.726,0.554,5,-5.29,0,0.0917,0.0421,0.0,0.106,0.335,169.999,3.174,56uBMvAujYa1ZLSqkYk6hg,final,2019
058t1LUDIQuWs44iagnUlO,Avisa Lá (feat. Rebecca),7FNnA9vBm6EKceENgCGRMb,Anitta,1PjqEdDTxIKyujzgdLG4K8,123870,2022-11-29,64,0.744,0.918,10,-1.799,0,0.066,0.0305,2.92e-06,0.193,0.789,155.015,2.0645,56uBMvAujYa1ZLSqkYk6hg,final,2022
2zpiccjPSl315SqthyDf9j,Na Movimentação (feat. Faixa Rosa),7me0S5Z40qVWj3gzyK8aC3,Mc Livinho,3jgOss4rmnFU1b6R8o3iIG,116307,2022-08-11,74,0.799,0.592,9,-7.385,0,0.274,0.339,0.0,0.0862,0.768,129.916,1.93845,56uBMvAujYa1ZLSqkYk6hg,final,2022
5UcQhx8ulCedDE43IQZNV3,Macetar,7FNnA9vBm6EKceENgCGRMb,Anitta,5a1k4OWYmvWyaz1UvqLh2v,114461,2022-11-29,65,0.851,0.619,7,-4.106,0,0.103,0.561,0.0,0.0623,0.6,129.943,1.9076833333333334,56uBMvAujYa1ZLSqkYk6hg,final,2022
07ju745iEQFzrMsX7UUzVc,Puto de Luxo,5YwzDz4RJfTiMHS4tdR5Lf,Xamã,6znvdqy8BOk5pPExvi18f5,144186,2022-11-28,67,0.728,0.586,4,-6.706,0,0.106,0.238,0.0,0.0687,0.721,128.922,2.4031,56uBMvAujYa1ZLSqkYk6hg,final,2022
0K3u2t8YNuJ5NR9lKC1frv,AMEIANOITE,6tzRZ39aZlNqlUzQlkuhDV,Pabllo Vittar,6FFId2lzLb6mUkKaCdQSvB,165996,2022-10-20,73,0.791,0.709,2,-6.179,1,0.104,0.0351,0.0,0.225,0.458,129.991,2.7666,56uBMvAujYa1ZLSqkYk6hg,final,2022
35ovElsgyAtQwYPYnZJECg,Lift Me Up - From Black Panther: Wakanda Forever - Music From and Inspired By,5pKCCKE2ajJHZ9KAiaK11H,Rihanna,3Zzv75PyROH6AMeXN1Yr1h,196519,2022-10-28,90,0.247,0.299,9,-6.083,1,0.0315,0.899,0.0,0.131,0.172,177.115,3.275316666666667,56uBMvAujYa1ZLSqkYk6hg,final,2022
6BF3nZQkAg9qvE0DLVSfyH,Hotel Caro,78nr1pVnDR7qZH6QbVMYZf,Baco Exu do Blues,2rnjCy8GYIemnJTPz6dnlU,221857,2022-06-12,74,0.584,0.311,10,-11.642,0,0.232,0.79,0.0,0.0862,0.623,139.581,3.6976166666666668,56uBMvAujYa1ZLSqkYk6hg,final,2022
3hbtxis0jMinjRzv3Hy7iA,Ai Papai,7FNnA9vBm6EKceENgCGRMb,Anitta,1vaz2dIr146DBY4DC3rFjT,148048,2022-11-30,68,0.73,0.966,11,-1.794,0,0.0619,0.081,7.93e-05,0.0946,0.891,168.091,2.4674666666666667,56uBMvAujYa1ZLSqkYk6hg,final,2022
5ildQOEKmJuWGl2vRkFdYc,DESPECHÁ,7ltDVBr6mKbRvohxheJ9h1,ROSALÍA,5omNd3Mkij9C3ZeW19rRmv,157017,2022-07-28,91,0.919,0.623,7,-6.521,1,0.0992,0.184,1.63e-05,0.0609,0.775,130.037,2.61695,56uBMvAujYa1ZLSqkYk6hg,final,2022
2oNSHvGBGZIrZouRAA1eaX,El Que Espera,7FNnA9vBm6EKceENgCGRMb,Anitta,1iouSXg5RihFIXRvZFJyTa,170396,2022-08-11,73,0.825,0.758,9,-1.73,0,0.238,0.0895,0.0,0.0661,0.828,176.059,2.839933333333333,56uBMvAujYa1ZLSqkYk6hg,final,2022
38T0tPVZHcPZyhtOcCP7pF,STAR WALKIN' (League of Legends Worlds Anthem),7jVv8c5Fj3E9VhNjxT4snq,Lil Nas X,0aIy6J8M9yHTnjtRu81Nr9,210575,2022-09-22,90,0.637,0.715,2,-4.971,0,0.0455,0.148,0.0,0.0892,0.308,141.872,3.5095833333333335,56uBMvAujYa1ZLSqkYk6hg,final,2022
72DbvEOeqtJbKAX9GLzRER,2step (feat. Chefin),6eUKZXaKkcviH0Ku9w2n3V,Ed Sheeran,1Cu9w3jFSFKHa1YckwnUFW,164560,2022-05-16,62,0.731,0.642,4,-5.106,0,0.0695,0.209,0.0,0.242,0.504,94.961,2.7426666666666666,56uBMvAujYa1ZLSqkYk6hg,final,2022
72yP0DUlWPyH8P7IoxskwN,Hold Me Closer,3PhoLpVuITZKcymswpck5b,Elton John,4QQWpCEX4BxMXwRQmtkKY6,202245,2022-08-26,86,0.667,0.75,0,-4.602,1,0.0906,0.0746,0.000198,0.197,0.486,126.041,3.37075,56uBMvAujYa1ZLSqkYk6hg,final,2022
3sd2p4kE7xQmFH3lPnFl6h,sentaDONA (Remix) s2,6rygauyIMQJrXRC4e5rQJP,Davi Kneip,1KpRGCxuMGo9hqsy4GTkb0,125245,2022-03-17,76,0.925,0.454,3,-3.533,0,0.273,0.252,4.19e-06,0.128,0.771,135.02,2.0874166666666665,56uBMvAujYa1ZLSqkYk6hg,final,2022
2eFsVynOiCxtI4kvX0XClm,LEILÃO,7rXMvXRnWHaSwnVvPeUUfw,Gloria Groove,6yTozUPMJplNbIMrm1mlBL,187619,2021-11-25,63,0.755,0.806,4,-7.88,0,0.089,0.0834,3.71e-05,0.296,0.441,129.867,3.1269833333333334,56uBMvAujYa1ZLSqkYk6hg,final,2021
21jGcNKet2qwijlDFuPiPb,Circles,246dkjvS1zLTtiykXe5h60,Post Malone,4g1ZRSobMefqF6nelkgibi,215280,2019-09-06,86,0.695,0.762,0,-3.497,1,0.0395,0.192,0.00244,0.0863,0.553,120.042,3.588,56uBMvAujYa1ZLSqkYk6hg,final,2019
0e7ipj03S05BNilyu5bRzt,rockstar (feat. 21 Savage),246dkjvS1zLTtiykXe5h60,Post Malone,6trNtQUgC8cgbWcqoMYkOR,218146,2018-04-27,85,0.585,0.52,5,-6.136,0,0.0712,0.124,7.01e-05,0.131,0.129,159.801,3.6357666666666666,56uBMvAujYa1ZLSqkYk6hg,final,2018
0t3ZvGKlmYmVsDzBJAXK8C,Goodbyes (feat. Young Thug),246dkjvS1zLTtiykXe5h60,Post Malone,4g1ZRSobMefqF6nelkgibi,174853,2019-09-06,80,0.548,0.653,5,-3.875,1,0.081,0.456,0.0,0.103,0.163,150.068,2.9142166666666665,56uBMvAujYa1ZLSqkYk6hg,final,2019
7dt6x5M1jzdTEt8oCbisTK,Better Now,246dkjvS1zLTtiykXe5h60,Post Malone,6trNtQUgC8cgbWcqoMYkOR,231266,2018-04-27,81,0.68,0.578,10,-5.804,1,0.04,0.331,0.0,0.135,0.341,145.038,3.854433333333333,56uBMvAujYa1ZLSqkYk6hg,final,2018
3swc6WTsr7rl9DqQKQA55C,Psycho (feat. Ty Dolla $ign),246dkjvS1zLTtiykXe5h60,Post Malone,6trNtQUgC8cgbWcqoMYkOR,221440,2018-04-27,78,0.75,0.56,8,-8.094,1,0.105,0.546,0.0,0.111,0.459,140.06,3.6906666666666665,56uBMvAujYa1ZLSqkYk6hg,final,2018
6eT7xZZlB2mwyzJ2sUKG6w,White Iverson,246dkjvS1zLTtiykXe5h60,Post Malone,5s0rmjP8XOPhP6HhqOhuyC,256533,2016-12-09,77,0.675,0.562,7,-7.678,1,0.0352,0.233,0.0,0.0816,0.309,130.098,4.27555,56uBMvAujYa1ZLSqkYk6hg,final,2016
7xQAfvXzm3AkraOtGPWIZg,Wow.,246dkjvS1zLTtiykXe5h60,Post Malone,4g1ZRSobMefqF6nelkgibi,149546,2019-09-06,82,0.829,0.539,11,-7.359,0,0.208,0.136,1.78e-06,0.103,0.388,99.96,2.4924333333333335,56uBMvAujYa1ZLSqkYk6hg,final,2019
75ZvA4QfFiZvzhj2xkaWAh,I Fall Apart,246dkjvS1zLTtiykXe5h60,Post Malone,5s0rmjP8XOPhP6HhqOhuyC,223346,2016-12-09,79,0.556,0.538,8,-5.408,0,0.0382,0.0689,0.0,0.196,0.291,143.95,3.7224333333333335,56uBMvAujYa1ZLSqkYk6hg,final,2016
7CZyCXKG6d5ALeq41sLzbw,Take What You Want (feat. Ozzy Osbourne & Travis Scott),246dkjvS1zLTtiykXe5h60,Post Malone,4g1ZRSobMefqF6nelkgibi,229573,2019-09-06,75,0.499,0.8,1,-2.665,0,0.0502,0.0906,0.0,0.147,0.272,139.919,3.826216666666667,56uBMvAujYa1ZLSqkYk6hg,final,2019
5yuShbu70mtHXY0yLzCQLQ,Go Flex,246dkjvS1zLTtiykXe5h60,Post Malone,5s0rmjP8XOPhP6HhqOhuyC,179613,2016-12-09,78,0.665,0.498,5,-8.185,1,0.0832,0.228,0.0,0.0757,0.127,81.967,2.99355,56uBMvAujYa1ZLSqkYk6hg,final,2016
05mDaV9Vb3wrzjF6OPZnhq,Saint-Tropez,246dkjvS1zLTtiykXe5h60,Post Malone,4g1ZRSobMefqF6nelkgibi,150866,2019-09-06,73,0.617,0.684,0,-3.618,1,0.0439,0.0545,0.0,0.104,0.295,132.113,2.5144333333333333,56uBMvAujYa1ZLSqkYk6hg,final,2019
32lItqlMi4LBhb4k0BaSaC,Candy Paint,246dkjvS1zLTtiykXe5h60,Post Malone,6trNtQUgC8cgbWcqoMYkOR,227533,2018-04-27,76,0.664,0.667,4,-5.941,1,0.154,0.64,1.22e-06,0.0753,0.381,180.064,3.7922166666666666,56uBMvAujYa1ZLSqkYk6hg,final,2018
2C6WXnmZ66tHhHlnvwePiK,Die For Me (feat. Future & Halsey),246dkjvS1zLTtiykXe5h60,Post Malone,4g1ZRSobMefqF6nelkgibi,245266,2019-09-06,71,0.614,0.66,0,-2.848,1,0.0441,0.19,0.0,0.211,0.452,145.01,4.087766666666667,56uBMvAujYa1ZLSqkYk6hg,final,2019
7sWRlDoTDX8geTR8zzr2vt,Hollywood's Bleeding,246dkjvS1zLTtiykXe5h60,Post Malone,4g1ZRSobMefqF6nelkgibi,156266,2019-09-06,77,0.405,0.646,4,-3.206,0,0.0476,0.331,0.0,0.103,0.17,130.218,2.604433333333333,56uBMvAujYa1ZLSqkYk6hg,final,2019
4SYUUlkScpNR1QvPscXf8t,Too Young,246dkjvS1zLTtiykXe5h60,Post Malone,5s0rmjP8XOPhP6HhqOhuyC,237146,2016-12-09,64,0.602,0.635,4,-6.526,0,0.052,0.271,3.2e-05,0.0829,0.225,123.05,3.9524333333333335,56uBMvAujYa1ZLSqkYk6hg,final,2016
12Fkyg9lpmaz2zmKOfw2Y2,On The Road (feat. Meek Mill & Lil Baby),246dkjvS1zLTtiykXe5h60,Post Malone,4g1ZRSobMefqF6nelkgibi,218320,2019-09-06,69,0.442,0.737,7,-5.046,1,0.109,0.0589,0.0,0.102,0.21,112.93,3.6386666666666665,56uBMvAujYa1ZLSqkYk6hg,final,2019
3fpVWegR6YOS1Yk5HSMYIq,Paranoid,246dkjvS1zLTtiykXe5h60,Post Malone,6trNtQUgC8cgbWcqoMYkOR,221786,2018-04-27,67,0.625,0.536,0,-5.428,1,0.0776,0.038,2.31e-05,0.167,0.253,159.914,3.6964333333333332,56uBMvAujYa1ZLSqkYk6hg,final,2018
6IaieqiCVvsNvEt6Y7yOFa,Ball For Me (feat. Nicki Minaj),246dkjvS1zLTtiykXe5h60,Post Malone,6trNtQUgC8cgbWcqoMYkOR,206266,2018-04-27,68,0.797,0.55,9,-4.166,1,0.24,0.513,0.0,0.0786,0.543,134.206,3.4377666666666666,56uBMvAujYa1ZLSqkYk6hg,final,2018
3QGsuHI8jO1Rx4JWLUh9jd,Treat You Better,7n2wHs1TKAczGzO7Dd2rGr,Shawn Mendes,1ne2D0NxoGyZd31gAM4HNd,187973,2017-04-20,85,0.444,0.819,10,-4.078,0,0.341,0.106,0.0,0.107,0.747,82.695,3.1328833333333335,56uBMvAujYa1ZLSqkYk6hg,final,2017
3zkWCteF82vJwv0hRLba76,Stitches,7n2wHs1TKAczGzO7Dd2rGr,Shawn Mendes,0CnQ0JQajNswRjPkNYVG8m,206880,2015-04-14,81,0.746,0.754,1,-6.684,1,0.0676,0.0152,0.0,0.0486,0.746,149.882,3.448,56uBMvAujYa1ZLSqkYk6hg,final,2015
2bT1PH7Cw3J9p3t7nlXCdh,If I Can't Have You,7n2wHs1TKAczGzO7Dd2rGr,Shawn Mendes,0xzScN8P3hQAz3BT3YYX5w,191466,2019-06-19,73,0.691,0.823,2,-4.197,1,0.0623,0.487,0.0,0.134,0.87,123.935,3.1911,56uBMvAujYa1ZLSqkYk6hg,final,2019
21TcDbGosp7w9YhTjOszgA,Imagination,7n2wHs1TKAczGzO7Dd2rGr,Shawn Mendes,5Jov5724Nz13A302HM2eKG,217773,2015-04-14,75,0.64,0.455,0,-5.942,1,0.0247,0.0743,0.0,0.0694,0.333,89.948,3.62955,56uBMvAujYa1ZLSqkYk6hg,final,2015
0AS63m1wHv9n4VVRizK6Hc,Mercy,7n2wHs1TKAczGzO7Dd2rGr,Shawn Mendes,3wBabo4pmzsYjALMSKY7Iq,208733,2017-04-20,82,0.555,0.662,11,-4.952,0,0.0827,0.125,0.0,0.111,0.356,148.128,3.4788833333333335,56uBMvAujYa1ZLSqkYk6hg,final,2017
2GyA33q5rti5IxkMQemRDH,I Know What You Did Last Summer,7n2wHs1TKAczGzO7Dd2rGr,Shawn Mendes,6sUOosXuYt0oUeczJRbedZ,223853,2015-04-14,72,0.687,0.761,9,-4.582,0,0.0876,0.102,0.0,0.147,0.743,113.939,3.7308833333333333,56uBMvAujYa1ZLSqkYk6hg,final,2015
79esEXlqqmq0GPz0xQSZTV,Lost In Japan,7n2wHs1TKAczGzO7Dd2rGr,Shawn Mendes,2VP96XdMOKTXefI8Nui23s,201200,2018-05-25,72,0.713,0.738,10,-6.784,1,0.374,0.255,0.0,0.106,0.425,105.027,3.3533333333333335,56uBMvAujYa1ZLSqkYk6hg,final,2018
2QZ7WLBE8h2y1Y5Fb8RYbH,In My Blood,7n2wHs1TKAczGzO7Dd2rGr,Shawn Mendes,2VP96XdMOKTXefI8Nui23s,211360,2018-05-25,75,0.622,0.712,5,-7.321,1,0.066,0.0573,0.0,0.13,0.487,140.025,3.522666666666667,56uBMvAujYa1ZLSqkYk6hg,final,2018
2BU6XXSG8SqiptRuj6EiLA,Com ou Sem Mim - Ao Vivo,1X6ORK7IekgmyjV6IFPszP,Gustavo Mioto,17SPskG8HKXZ9kAYzMYz7r,201856,2019-11-22,55,0.605,0.72,7,-3.616,0,0.0481,0.159,0.0,0.956,0.296,141.954,3.3642666666666665,56uBMvAujYa1ZLSqkYk6hg,final,2019
3tv697PZNnaQN0Mn2zGhS5,A Gente Fez Amor - Ao Vivo,7MiDcPa6UiV3In7lIM71IN,Gusttavo Lima,17jzAujoXwIF60ojew1yHU,237516,2019-12-05,63,0.794,0.937,8,-2.44,0,0.0336,0.366,4.15e-06,0.962,0.826,134.012,3.9586,56uBMvAujYa1ZLSqkYk6hg,final,2019
7Cf2Hsy3cPlA4e115tElXv,Liberdade Provisória - Live - Ibirapuera / 2019,3p7PcrEHaaKLJnPUGOtRlT,Henrique & Juliano,5ExfGmxdqydd3vgdLdRR8f,186379,2020-05-15,69,0.679,0.659,1,-6.039,1,0.0497,0.674,0.0,0.948,0.698,108.221,3.106316666666667,56uBMvAujYa1ZLSqkYk6hg,final,2020
3tc8Z4lGzOIwmIVftsxO6o,Graveto - Ao Vivo,1yR65psqiazQpeM79CcGh8,Marília Mendonça,5LC5xnORMHtfcwDMI5cC2V,170877,2020-01-10,70,0.714,0.632,9,-5.1,1,0.0312,0.292,0.0,0.812,0.402,93.052,2.84795,56uBMvAujYa1ZLSqkYk6hg,final,2020
5W1kqz2l1lDX77DXBMeXZg,Litrão - Ao Vivo Em Recife / 2020,2Z0lRIqr997lIUiPtrpKCr,Matheus & Kauan,6rtq152SsRhAcAvGmzoBWl,170197,2020-01-31,56,0.48,0.807,1,-7.402,1,0.195,0.356,0.0,0.626,0.537,153.61,2.8366166666666666,56uBMvAujYa1ZLSqkYk6hg,final,2020
6nI98wtHOJAYSASq22TCYu,água com açúcar - ao vivo,3qvcCP2J0fWi0m0uQDUf6r,Luan Santana,1n4L6uxvbs8n1hnXI2WOTR,249846,2019-08-22,59,0.457,0.603,3,-7.729,1,0.0278,0.144,0.0,0.679,0.176,77.048,4.1641,56uBMvAujYa1ZLSqkYk6hg,final,2019
15Dl8e6gdR0I1IQn0M4SGi,Amoreco,0MInKJqZscEeNc5K3K0mkE,Simone & Simaria,4FZWUHtF6PqWcf4R0bxzwG,151262,2020-02-07,48,0.777,0.898,1,-3.395,1,0.0447,0.152,0.0,0.146,0.873,131.057,2.5210333333333335,56uBMvAujYa1ZLSqkYk6hg,final,2020
6lK3nCiigk34SGqEjpQoqO,Aí Eu Bebo - Ao Vivo,59jlthNnbmim5l9tmNA7se,Maiara & Maraisa,6xWyByyXTcL2MUSi0mKewj,173891,2019-10-18,56,0.827,0.683,11,-5.113,0,0.0719,0.479,0.0,0.409,0.85,135.944,2.8981833333333333,56uBMvAujYa1ZLSqkYk6hg,final,2019
3WjSkl7VDWY1prwJw7dSG0,Barzinho Aleatório - Ao Vivo,487N2T9nIPEHrlTZLL3SQs,Zé Neto & Cristiano,1VGZDlUoemQ1r3LlPrkAa3,158969,2019-12-05,57,0.394,0.918,7,-2.657,1,0.334,0.342,0.0,0.982,0.588,157.925,2.6494833333333334,56uBMvAujYa1ZLSqkYk6hg,final,2019
48CAeajgzcGJaVUSsXd7h0,Declaração pro Bar - Ao Vivo,6m6e7D2TnV0aYMllFFwMxu,Guilherme & Benuto,5tR4iEANCfJjjUOgxyYhtD,161396,2019-10-18,60,0.679,0.767,2,-5.058,0,0.133,0.69,0.0,0.805,0.603,112.901,2.6899333333333333,56uBMvAujYa1ZLSqkYk6hg,final,2019
6hqQPoB1yYKcLfByfxO8he,Na Cama Que Eu Paguei - Ao Vivo,1AL2GKpmRrKXkYIcASuRFa,Wesley Safadão,5QgnH5cBOdvtOA5YT7C1L7,208154,2019-09-20,50,0.548,0.846,6,-4.256,1,0.0741,0.0708,0.0,0.199,0.811,126.219,3.4692333333333334,56uBMvAujYa1ZLSqkYk6hg,final,2019
146Vb458Y5RbqEa0fYFPzm,Mentira - Ao Vivo,47uyFQHOD02S0lj9ptRpoB,Felipe Araújo,15XApXonewJchLQbLwFuy3,193669,2019-11-29,48,0.543,0.756,11,-3.755,0,0.235,0.445,0.0,0.95,0.566,153.996,3.2278166666666666,56uBMvAujYa1ZLSqkYk6hg,final,2019
23zmMwD99ROi9yhxqMxWil,Segunda Taça - Ao Vivo,7zIRO89G0FBAQtGMHO1Wa0,João Bosco & Vinicius,2iGROOqmRnT9ATQnjnjm1J,180346,2020-01-10,55,0.61,0.867,9,-3.94,1,0.176,0.471,0.0,0.83,0.717,81.023,3.0057666666666667,56uBMvAujYa1ZLSqkYk6hg,final,2020
4pnlRYoaaGu24SuC3et5Pv,Saudade em Gotas (feat. Wesley Safadão) - Ao Vivo,597XBqZtaiZC7laCNx3nVz,Yasmin Santos,4vDG2NrteQOLWTpmCcyYrO,190949,2019-08-16,48,0.693,0.828,11,-4.374,1,0.076,0.162,0.0,0.686,0.81,124.841,3.1824833333333333,56uBMvAujYa1ZLSqkYk6hg,final,2019
3J5Pu25BODMex4Jpy4l6FL,S de Saudade,0UbJJayomun8CvZKCPH9j3,Luíza & Maurílio,07Dh4IqK31xeV1jetfPWvL,174863,2019-10-25,64,0.714,0.712,11,-4.403,1,0.0545,0.621,0.0,0.127,0.789,123.804,2.9143833333333333,56uBMvAujYa1ZLSqkYk6hg,final,2019
1jomN1tLiPE5eGd9siFJYE,Viva Voz - Ao Vivo Em São Paulo / 2019,6TYimByryGphZCtwYopH0y,Lauana Prado,5XzBQMo9WMrpRlgoBaeTIf,164407,2021-04-28,61,0.743,0.849,0,-3.638,1,0.0282,0.0515,0.0,0.506,0.883,128.034,2.7401166666666668,56uBMvAujYa1ZLSqkYk6hg,final,2021
2PWjKmjyTZeDpmOUa3a5da,Cheirosa - Ao Vivo,1elUiq4X7pxej6FRlrEzjM,Jorge & Mateus,2s8vRW3xvh5BP4CWKyh14X,181930,2019-10-11,62,0.528,0.87,11,-3.123,1,0.0851,0.24,0.0,0.333,0.714,152.37,3.0321666666666665,56uBMvAujYa1ZLSqkYk6hg,final,2019
0MGVEYiPw80ZCSFrHk4g9M,Quem Falou Mentiu - Ao Vivo,1sDVuztNhGcetCLChkleDA,Michel Teló,5cVNYmotWYglGYJ9fwnQ4n,167707,2020-03-13,49,0.804,0.831,1,-6.092,1,0.0501,0.161,0.0,0.138,0.935,128.044,2.7951166666666665,56uBMvAujYa1ZLSqkYk6hg,final,2020
0j1tGcJJfq1nIs4i5GoHXv,ASAS,3qvcCP2J0fWi0m0uQDUf6r,Luan Santana,0Zy7O3lhW9XpFuJ3bRlRkz,231285,2020-06-14,54,0.339,0.584,3,-7.423,1,0.0339,0.0391,0.0,0.0809,0.324,133.096,3.85475,56uBMvAujYa1ZLSqkYk6hg,final,2020
7ghI7Ocugk2XTdRe6uxDyS,@Isa - Ao Vivo,0NsJZ5PMjqghGDuMzY7CuT,Marcos & Belutti,7aQJ3Mnz4AFBoDogBaDiw0,156913,2019-11-29,38,0.654,0.951,9,-2.935,0,0.0558,0.288,0.0,0.121,0.913,158.904,2.6152166666666665,56uBMvAujYa1ZLSqkYk6hg,final,2019
7rq1C7eeeTn1nnjJ0TbRU1,A Vida É um Rio,6jncnjvxMwbLIEYDhwsGlu,Raffa Torres,4MuRcbqO9N5CPFgVqYc2Oz,237191,2020-03-27,47,0.361,0.435,2,-8.323,0,0.0272,0.096,0.0,0.138,0.235,78.448,3.9531833333333335,56uBMvAujYa1ZLSqkYk6hg,final,2020
2QCwoYDn4DRfjs4NhW2KpO,Alô Ex-Amor - Ao Vivo,21WAvVROZ83oUvJwFTG2dH,João Bosco e Gabriel,44Jrx7i4yt50pvFHbhIRgu,197952,2019-11-22,58,0.701,0.867,10,-2.982,0,0.104,0.572,5.15e-06,0.788,0.937,169.898,3.2992,56uBMvAujYa1ZLSqkYk6hg,final,2019
5qMnAsvgTfHMd5KQpzpnA1,Bebi Minha Bicicleta (Coração Falido) - Ao Vivo,487N2T9nIPEHrlTZLL3SQs,Zé Neto & Cristiano,5Qn8laDtOhTweODnPud3KP,179099,2019-11-29,47,0.57,0.889,0,-3.813,1,0.206,0.456,0.0,0.651,0.426,97.423,2.9849833333333335,56uBMvAujYa1ZLSqkYk6hg,final,2019
03UlGexCDqWJwZXGXLjgef,Plateia - Ao Vivo,1oSgjdbgLYULVmEBojPRw8,Fernando & Sorocaba,3XchUoDKZn6mCmrCHm0j2W,173952,2020-01-24,40,0.805,0.632,11,-4.435,1,0.0402,0.53,0.0,0.425,0.675,106.04,2.8992,56uBMvAujYa1ZLSqkYk6hg,final,2020
2PqPSf3gtTED79rWGwVtYg,Áudio - Ao Vivo em Brasília,3k68C6mNMJL6OaAdWeW2ZF,Diego & Victor Hugo,2lmLfahVMp5C3w9HW5TxbL,190244,2019-03-22,61,0.605,0.812,11,-4.699,1,0.0403,0.515,0.0,0.419,0.451,110.081,3.170733333333333,56uBMvAujYa1ZLSqkYk6hg,final,2019
4HWV1Ltvzn1SKFjPiJByKg,Vendinha - Ao Vivo Em São Paulo / 2019,7ABjmCErFBTzoGMVoQc2Sh,Thaeme & Thiago,18ASgqR4AAnRB5JgT3pmM6,188769,2020-01-10,30,0.51,0.875,7,-2.969,1,0.0486,0.282,0.0,0.743,0.567,168.092,3.14615,56uBMvAujYa1ZLSqkYk6hg,final,2020
36P6ptTyxOggYgR2aoZiAl,Pisadinha - Ao Vivo,3k68C6mNMJL6OaAdWeW2ZF,Diego & Victor Hugo,2Ir3JLRBTe6UNagIu9CsYV,158661,2019-11-22,56,0.642,0.874,3,-3.162,1,0.128,0.439,0.0,0.0821,0.829,164.81,2.64435,56uBMvAujYa1ZLSqkYk6hg,final,2019
4pl0csAczZemDLdyNYOmxT,A Fila Anda - Ao Vivo,1vppDmG3i5sXf3DJzrK4T1,Thiaguinho,47l1S7yxz9zAO6K5gDori3,177805,2019-09-06,64,0.751,0.697,0,-8.012,1,0.0581,0.223,0.0,0.924,0.555,141.427,2.963416666666667,56uBMvAujYa1ZLSqkYk6hg,final,2019
0GjecLmZKgLcrLbyaGCEgO,200 Reais - Ao Vivo,6Y8pfJkEdw4EAST4g9C026,Cleber & Cauan,7bo9UdcQ6lncYStiQG2Xem,142773,2019-09-06,36,0.712,0.872,3,-2.875,1,0.0836,0.161,0.0,0.32,0.62,122.002,2.37955,56uBMvAujYa1ZLSqkYk6hg,final,2019
0uaR51nHWtVrVPOFPeGyDq,Ainda Tô Aí - Ao Vivo,2OUgs5INWK2UEvZ6amWiJr,Eduardo Costa,2txXRQvNdEdMENszlN1OvA,195242,2020-04-02,56,0.684,0.717,6,-6.209,1,0.0281,0.631,0.0,0.82,0.774,138.027,3.2540333333333336,56uBMvAujYa1ZLSqkYk6hg,final,2020
2qD7VoDYcrAPY0cVEfpsR5,Some que ele vem atrás,7FNnA9vBm6EKceENgCGRMb,Anitta,1GjVoPUvfzc1b76xa0stUI,194771,2019-10-30,59,0.648,0.795,0,-5.536,0,0.17,0.0748,0.0,0.38,0.598,180.043,3.246183333333333,56uBMvAujYa1ZLSqkYk6hg,final,2019
1uA7fD01YlQr1Rm0oyNB4H,Pulei na Piscina - Ao Vivo,6m6e7D2TnV0aYMllFFwMxu,Guilherme & Benuto,59wHxqp3FE5gfK0l4wAIc8,181846,2020-08-21,62,0.652,0.773,3,-5.203,1,0.128,0.449,0.0,0.166,0.527,113.788,3.0307666666666666,56uBMvAujYa1ZLSqkYk6hg,final,2020
6hqJJY6rwAUS2zl9FsCQQH,Deixa pra Amanhã - Ao Vivo,4NUePmzDvCYqilXBFa91Hg,Dilsinho,3Tp3Mq7wHiw0qOXDdDHPqy,184783,2020-03-06,56,0.539,0.746,7,-7.853,1,0.0352,0.605,0.0,0.969,0.653,144.119,3.0797166666666667,56uBMvAujYa1ZLSqkYk6hg,final,2020
4vKxWENeZqTDREw1ij7Oen,Medalha de Prata (feat. Maiara & Maraisa) - Ao Vivo,7cmuxPnXRJxwuYDHfbD8Eu,Zé Felipe,6yT9sNAjK40ZW5JcJJN5Vx,160495,2019-08-09,42,0.632,0.766,5,-5.703,1,0.0831,0.493,0.0,0.352,0.422,110.164,2.674916666666667,56uBMvAujYa1ZLSqkYk6hg,final,2019
2M53M7wYGFjUMlHIXhJoqW,Show De Recaída - Ao Vivo Em Uberlândia / 2018,5JXhkyafynxCvxtov7C1PV,Bruno & Marrone,5YFOpxwwKXO2HhbTsFzdpi,172511,2019-08-02,47,0.783,0.756,8,-4.181,1,0.035,0.258,0.0,0.116,0.79,114.987,2.875183333333333,56uBMvAujYa1ZLSqkYk6hg,final,2019
77thl1ZG6v86i7us2LztP8,Hit do Ano,1elUiq4X7pxej6FRlrEzjM,Jorge & Mateus,1GLViCxaCfb75xbzBGbskT,154848,2021-01-22,52,0.778,0.654,7,-4.245,1,0.0783,0.351,0.0,0.103,0.824,137.978,2.5808,56uBMvAujYa1ZLSqkYk6hg,final,2021
5n8Y78Pl5q8lqS7sJP61qw,Relógio Parado (Ao Vivo),0CrGLmfVKzk9rAyiNb91ft,Diego & Arnaldo,60uEVgPGWNBFOYH8EcJglb,180736,2019-10-11,52,0.741,0.943,1,-1.401,1,0.0456,0.0486,0.0,0.965,0.725,124.987,3.0122666666666666,56uBMvAujYa1ZLSqkYk6hg,final,2019
0RaIjuKU5hudMteEXwr4RS,Ranking,1elUiq4X7pxej6FRlrEzjM,Jorge & Mateus,4VGhIs8wUWMu2rKcsXe9Pm,166388,2020-03-06,58,0.666,0.846,1,-3.654,1,0.174,0.0883,0.0,0.084,0.782,144.479,2.7731333333333335,56uBMvAujYa1ZLSqkYk6hg,final,2020
2mxfHRTpcuDDY9FgjA5p3j,Baba de Ex - Ao Vivo,1LIuN7ov1IBQDdLsU83ojl,Hugo & Guilherme,4ZPy3Uh4VpnFKBFlGlmVka,169768,2019-11-22,47,0.745,0.606,10,-7.571,1,0.0713,0.587,0.0,0.871,0.771,113.995,2.829466666666667,56uBMvAujYa1ZLSqkYk6hg,final,2019
7bukHRNgGLRySTJEVvLoIR,Briga Feia - Ao Vivo,3p7PcrEHaaKLJnPUGOtRlT,Henrique & Juliano,5ExfGmxdqydd3vgdLdRR8f,194580,2020-05-15,68,0.589,0.846,11,-5.501,1,0.0616,0.108,0.0,0.93,0.565,167.987,3.243,56uBMvAujYa1ZLSqkYk6hg,final,2020
3XG1frltSxibGuYLPucxl8,Reincidente,47uyFQHOD02S0lj9ptRpoB,Felipe Araújo,1f8YCAl0luu06wsqgr9cns,177691,2020-05-30,46,0.716,0.715,1,-4.775,1,0.0422,0.559,0.0,0.112,0.632,137.012,2.961516666666667,56uBMvAujYa1ZLSqkYk6hg,final,2020
0fShcxsl6lnuTawsT8yIIB,A Casa Mais Feliz da Rua - Ao Vivo,6vTqEFbTtTRJsuIpzZgjxi,Grupo Menos É Mais,4yTmYE7qs6i9juLeYxDsHY,168421,2022-12-08,52,0.574,0.716,6,-8.311,1,0.0869,0.682,5.39e-05,0.302,0.765,169.908,2.8070166666666667,56uBMvAujYa1ZLSqkYk6hg,final,2022
4YLLpGl1Arq6mGOSfjg04O,A Culpa É do Coração - Ao Vivo,0ciLF0bOuu2BhqzCEZgHoB,Pixote,4ERt08zcs1YGfjxDqyrEEw,172195,2019-09-27,54,0.634,0.775,10,-6.943,1,0.0691,0.745,0.0,0.483,0.653,84.972,2.8699166666666667,56uBMvAujYa1ZLSqkYk6hg,final,2019
43KgxVzf14s2p7KQMOPXM8,Tiquin de Nada - Ao Vivo,0B5xfiepmGObSmZnOpjhk3,Juninho Campos,5ahQGMDVYqtpGuKaH898Ns,174864,2019-12-12,14,0.552,0.916,11,-4.092,1,0.116,0.413,0.0,0.183,0.882,159.749,2.9144,56uBMvAujYa1ZLSqkYk6hg,final,2019
5m5aY6S9ttfIG157xli2Rs,Alô Ambev (Segue Sua Vida) - Ao Vivo,487N2T9nIPEHrlTZLL3SQs,Zé Neto & Cristiano,1Yg3QTRv9IGAWeJQb7q8bT,169593,2020-03-26,67,0.695,0.872,9,-3.65,1,0.0868,0.334,0.0,0.954,0.646,121.843,2.82655,56uBMvAujYa1ZLSqkYk6hg,final,2020
1uryupl9hqVZYurJwH4G9k,3 Batidas - Ao Vivo,6m6e7D2TnV0aYMllFFwMxu,Guilherme & Benuto,2s2XNO2C38JP3NVOp8zkm4,157186,2019-08-16,63,0.552,0.709,8,-5.435,1,0.129,0.611,0.0,0.763,0.527,117.581,2.6197666666666666,56uBMvAujYa1ZLSqkYk6hg,final,2019
3PnOdcmOrXy0pCMHDpsygk,Misturados,4NUePmzDvCYqilXBFa91Hg,Dilsinho,2F6QKX0h4wqizmMjFpVtGG,205746,2019-10-18,36,0.524,0.524,2,-9.599,1,0.0295,0.741,3.09e-05,0.109,0.584,152.028,3.4291,56uBMvAujYa1ZLSqkYk6hg,final,2019
3GeClpkDm1viVmOpZonsoO,Só Esquece Quem Tenta - Ao Vivo,2FrLTuXGuFDzQsjKidB03W,João Neto & Frederico,1YTBu6f2ZvVPHvE8WYNrbr,165344,2020-02-14,47,0.65,0.95,8,-2.456,0,0.192,0.0833,0.0,0.657,0.687,170.016,2.755733333333333,56uBMvAujYa1ZLSqkYk6hg,final,2020
6NM06xgqxQ0HU5lxbt2JHi,Saudade Sua,7MiDcPa6UiV3In7lIM71IN,Gusttavo Lima,6OC3EDhHfD6T1JSTaEJMpn,210080,2020-05-14,55,0.616,0.839,2,-2.895,1,0.106,0.292,0.0,0.268,0.348,147.883,3.501333333333333,56uBMvAujYa1ZLSqkYk6hg,final,2020
3wBAFUmySuNroiqji8Zdbx,A Tal Canção Pra Lua - Microfonado,4FGcERJWMg8ENOLixwF71U,Vitor Kley,7x6b3yxltKswwR4CykJA6C,208982,2019-09-12,56,0.663,0.782,0,-4.282,1,0.0279,0.162,0.0,0.467,0.73,121.895,3.483033333333333,56uBMvAujYa1ZLSqkYk6hg,final,2019
0SJtvFn4vqgJPscSbEPaql,Libera Ela - Ao Vivo,59jlthNnbmim5l9tmNA7se,Maiara & Maraisa,2L73yL2BUVtnwlEVr4AJHH,168080,2020-04-17,56,0.769,0.649,0,-4.864,1,0.0714,0.384,0.0,0.949,0.834,77.487,2.8013333333333335,56uBMvAujYa1ZLSqkYk6hg,final,2020
7qJg5DFskb4qUbzGEgkkKP,Melhor Que Nada,2fmAUYDODPfZav0wlyGnNb,Karinah,7p2r5xFsJMAUzc643twqBu,195917,2020-03-13,30,0.684,0.541,1,-6.028,1,0.0299,0.666,0.0,0.118,0.689,143.967,3.2652833333333335,56uBMvAujYa1ZLSqkYk6hg,final,2020
4RC2nzqaQygxoVQOVv3XlT,Contatinho - Ao Vivo,7KVJCU4z5L4EUHILL8aMxR,Leo Santana,4sH660Ggu0Xd9yShQntlmA,173229,2019-09-06,63,0.787,0.934,10,-5.136,0,0.0773,0.223,1.87e-05,0.951,0.813,152.018,2.88715,56uBMvAujYa1ZLSqkYk6hg,final,2019
58vpgBaFRHEzdqjEZggjqn,Não Traio Mais,4B0rppbJilYfZOPPEgpPtz,Léo Magalhães,0yX6G1VDfKRoc6OPae6V1e,183500,2020-03-22,35,0.779,0.771,0,-3.71,1,0.0431,0.466,0.0,0.113,0.811,120.141,3.058333333333333,56uBMvAujYa1ZLSqkYk6hg,final,2020
6w39TklH7Fg9brPgjFNJg4,Mantra,34dfPo3Zi55yM6oV46q4y7,Mumuzinho,2BjYrThHSbnhMpgimgBWAQ,200332,2020-02-14,40,0.696,0.704,5,-7.283,1,0.0524,0.552,0.0,0.0857,0.962,110.888,3.3388666666666666,56uBMvAujYa1ZLSqkYk6hg,final,2020
7ARkNjo6dnxlQ1a8CvfgTT,Sinal de Desespero,5fWvTvWy2NCaVy8pFmWIvk,Júnior e Cézar,3VPEJf8yPtmSpS1mYOdZgU,174104,2020-02-06,21,0.773,0.637,11,-4.258,0,0.0406,0.415,0.0,0.107,0.327,135.915,2.9017333333333335,56uBMvAujYa1ZLSqkYk6hg,final,2020
1nqaSoiLuqevDes4S18sO7,Milu,7MiDcPa6UiV3In7lIM71IN,Gusttavo Lima,3oqVZoqdqNmaSQkJF9mMfI,224997,2019-06-27,51,0.845,0.787,2,-2.683,1,0.0374,0.261,3.43e-06,0.102,0.882,124.983,3.74995,56uBMvAujYa1ZLSqkYk6hg,final,2019
6Z6HS7NsADjndctvfBhTZM,Forçar A Barra - Ao Vivo,7a6OmakIInI0Q0VjbYCASe,Netto & Henrique,15YOYqXjlsRyFGaXIheFmE,168816,2022-01-21,27,0.519,0.799,3,-3.426,1,0.0446,0.101,0.0,0.954,0.365,109.887,2.8136,56uBMvAujYa1ZLSqkYk6hg,final,2022
5fzYjaMtETYXKhmz3RXwu0,4G,0tFRumc4AmuCawdZiNXkWs,Angelo & Angel,1yEDyFCpFo97L094OgrWgo,163959,2020-03-19,7,0.788,0.683,2,-4.254,1,0.0294,0.56,0.0,0.161,0.839,114.011,2.73265,56uBMvAujYa1ZLSqkYk6hg,final,2020
65i9Mc7h1CG7ssI1OhMPcT,Onze e Pouquinho,4NUePmzDvCYqilXBFa91Hg,Dilsinho,2F6QKX0h4wqizmMjFpVtGG,180687,2019-10-18,57,0.609,0.596,9,-8.881,0,0.0379,0.722,0.0,0.158,0.746,140.035,3.01145,56uBMvAujYa1ZLSqkYk6hg,final,2019
0GrEqRHf5FioT1hOB8PBxZ,Vira Homem,1yR65psqiazQpeM79CcGh8,Marília Mendonça,4ZvjMAz7i4pfWLKIbGE45z,196405,2020-05-01,61,0.624,0.47,0,-5.575,1,0.0483,0.272,0.0,0.147,0.513,76.805,3.273416666666667,56uBMvAujYa1ZLSqkYk6hg,final,2020
2RTSCYjzkfd4NUWwiJuJjh,Segundo plano - Ao vivo,5ZfBThYiIIhL7jHMG8gDB2,Ferrugem,2sRaJ90PEqpDf1XU0T4zun,213929,2019-07-19,49,0.515,0.707,6,-5.81,0,0.0357,0.607,0.0,0.97,0.561,139.956,3.5654833333333333,56uBMvAujYa1ZLSqkYk6hg,final,2019
34lUr8VRDgMcYjiVJTkgCI,Encontro de Erros - Ao Vivo,0ciLF0bOuu2BhqzCEZgHoB,Pixote,5vDsX1AQm1imgLNgsIj1mN,202806,2020-09-15,42,0.684,0.712,5,-9.249,1,0.107,0.619,0.0,0.484,0.548,98.004,3.3801,56uBMvAujYa1ZLSqkYk6hg,final,2020
5KzVvnMBf1xr4EKdFPjn3R,Porta Malas,0jhNzTzC1CZaf2FFgBVCMT,Os Parazim,0fA0R1ExXdUoI2lg5TPdaL,170998,2020-04-29,55,0.688,0.939,9,-2.195,1,0.0424,0.498,0.0,0.366,0.859,133.029,2.8499666666666665,56uBMvAujYa1ZLSqkYk6hg,final,2020
3GmJxfnUDrIs1iCfKUELFz,Supera - Ao Vivo,1yR65psqiazQpeM79CcGh8,Marília Mendonça,0q1sCNFTFPy66A2zeK8qh5,147748,2019-08-16,70,0.665,0.743,4,-4.434,1,0.0567,0.0604,0.0,0.959,0.658,131.573,2.462466666666667,56uBMvAujYa1ZLSqkYk6hg,final,2019
1MparvKC8QIDwu06iO3qVr,Volta Por Baixo - Ao Vivo,3p7PcrEHaaKLJnPUGOtRlT,Henrique & Juliano,5ExfGmxdqydd3vgdLdRR8f,192632,2020-05-15,66,0.532,0.769,10,-5.899,1,0.0501,0.386,0.0,0.942,0.463,123.413,3.2105333333333332,56uBMvAujYa1ZLSqkYk6hg,final,2020
2qE4ddo0bSDiY7zMf9tkfh,Casal Maluco - Ao Vivo,6gEzJZrbm0F4ihvE9iXR9z,Péricles,7jVb3Lcaakq6q2P8OwqlZx,218654,2019-10-04,48,0.659,0.864,5,-5.427,0,0.0404,0.698,0.0,0.672,0.901,165.848,3.644233333333333,56uBMvAujYa1ZLSqkYk6hg,final,2019
3SVRfC0uq01bI5jGCLkQjC,O Brasil Tem Que Te Ver (feat. MC KEVINHO),5JG9GISYjRLQUJMH2C6iJ5,Turma do Pagode,4zGH7UVylYxmLbS6C6cE9G,160975,2019-12-06,53,0.694,0.822,7,-5.478,0,0.0467,0.449,0.0,0.97,0.911,163.748,2.682916666666667,56uBMvAujYa1ZLSqkYk6hg,final,2019
5q0NlM6Pm8Pp3orq7zGiRn,Quarta Cadeira - Ao Vivo,2Z0lRIqr997lIUiPtrpKCr,Matheus & Kauan,43Z8iIpoxaCrr27KILZJzs,224001,2019-03-22,66,0.565,0.82,5,-5.031,0,0.243,0.589,0.0,0.621,0.604,76.471,3.73335,56uBMvAujYa1ZLSqkYk6hg,final,2019
0J6cINt02c8UQqDG7vLShY,Gelo,6uYrXgVHctAJtIdSODcyLJ,Melim,27dY9TESomQPh85EJuIvTQ,149727,2019-08-20,56,0.542,0.563,0,-7.446,1,0.0958,0.242,0.0,0.109,0.897,169.909,2.49545,56uBMvAujYa1ZLSqkYk6hg,final,2019
1nDCZBI8MaHXI2f36dnQyG,Rita,4FUMTycjZlEY6ZxMgqNjC8,Tierry,2V9i8lh4qbIj6oLqECVS6k,156630,2020-07-17,53,0.512,0.677,11,-3.909,1,0.068,0.212,0.0,0.43,0.776,132.241,2.6105,56uBMvAujYa1ZLSqkYk6hg,final,2020
0EPP4wnQKrOsQ5k0vcg2Bz,Sinal Vital,1fUSLFr4WUBx7joEcGwpvG,Sorriso Maroto,0Ygb354Evijqox4do2bYZL,148837,2020-01-24,43,0.514,0.649,2,-8.746,1,0.0447,0.821,0.0,0.18,0.746,73.77,2.4806166666666667,56uBMvAujYa1ZLSqkYk6hg,final,2020
3056x1XkmICnQmji68rrft,Desejando Eu (Ao Vivo),3hq7WoPJsrRP0KMSLhUgRz,Murilo Huff,0aE84qddWXI20A2XliO6CP,160565,2020-03-05,59,0.683,0.883,8,-2.502,1,0.0691,0.377,0.0,0.407,0.678,122.847,2.676083333333333,56uBMvAujYa1ZLSqkYk6hg,final,2020
4pGPLc8H9Br5JGnmphIbcC,"Quem Me Viu, Quem Me Vê",6zpNfYJcPavd1pqLXKiSvl,Edson & Hudson,3dtipPMN5XhtCo9rfRGlLJ,156468,2019-12-13,51,0.547,0.768,2,-4.882,1,0.0465,0.366,0.0,0.32,0.567,111.755,2.6078,56uBMvAujYa1ZLSqkYk6hg,final,2019
3bQ6rVWUM2V6jDAYvTHnqu,Sentimento Cadê Você - Ao Vivo,4M3zfSgFnS3w6DHOv5McYV,Erikka,6IhUNO9wuTMUbbtYfHnx0a,155989,2019-12-20,3,0.784,0.848,9,-2.61,1,0.0479,0.209,0.0,0.968,0.725,125.992,2.599816666666667,56uBMvAujYa1ZLSqkYk6hg,final,2019
6QwFUcPc5nhsqZuhXUYtV7,Tijolão - Ao Vivo,1elUiq4X7pxej6FRlrEzjM,Jorge & Mateus,5DE5SfB2vmYatVH6tpAb49,175219,2019-05-24,61,0.637,0.877,4,-3.68,0,0.198,0.469,0.0,0.343,0.691,118.889,2.9203166666666664,56uBMvAujYa1ZLSqkYk6hg,final,2019
2PSfQTEMmWg1co7MoDMKNb,Abstinência,597XBqZtaiZC7laCNx3nVz,Yasmin Santos,2z0LZZFUWNaCLN7jVuhq3A,218471,2020-08-27,55,0.598,0.616,2,-5.091,0,0.0297,0.309,0.0,0.0807,0.318,98.04,3.641183333333333,56uBMvAujYa1ZLSqkYk6hg,final,2020
71FrGl0XcpL3VId65tB5mg,Recairei - Ao Vivo,5Lv2GUVwqmQBPwrTrxucE5,Os Barões Da Pisadinha,1VqC063saacxnL4IlMnHtI,166837,2020-04-17,61,0.582,0.937,10,-2.118,1,0.0858,0.449,0.0,0.684,0.939,168.096,2.7806166666666665,56uBMvAujYa1ZLSqkYk6hg,final,2020
06fXA4r9Ed7DLaeasczSLa,Coração Pirata,2OUgs5INWK2UEvZ6amWiJr,Eduardo Costa,6dfJzDIX2iZyVTDfWaRg9e,268288,2019-06-12,56,0.667,0.685,0,-3.895,1,0.0261,0.581,2.42e-06,0.118,0.652,97.03,4.471466666666666,56uBMvAujYa1ZLSqkYk6hg,final,2019
7rKB0xyaxAfLVtmkH1s9EL,Além da Vida,2wwWukJBsCikjlj7vlbQkM,Daniel,1F7sIBKrophFRumqiCZYWE,203192,2021-03-26,27,0.621,0.679,2,-5.479,1,0.0414,0.467,0.0,0.212,0.504,141.911,3.3865333333333334,56uBMvAujYa1ZLSqkYk6hg,final,2021
0HWvi6O6iGoxsrJIlAP8XE,Bar da Bebedeira - Ao Vivo,6Olch7A7o6ihZVv5BgGJGj,Hugo Matta,7cIKASZ401ILlLbRb3BLxs,198775,2020-02-05,13,0.828,0.585,11,-5.399,1,0.0532,0.866,0.0,0.863,0.808,125.986,3.3129166666666667,56uBMvAujYa1ZLSqkYk6hg,final,2020
51uXmhqGR76tT2UeKZyeN6,Quero Você do Jeito Que Quiser,1yR65psqiazQpeM79CcGh8,Marília Mendonça,0Z4qKd1CG1VxOMt8knpoQK,215978,2020-07-10,63,0.698,0.604,4,-4.574,1,0.0457,0.501,0.0,0.251,0.353,127.707,3.5996333333333332,56uBMvAujYa1ZLSqkYk6hg,final,2020
4jGzR5Vri06Y5T9SxM7m5P,Algo Mais (Amante) - Ao Vivo,43DRDu6nLSeIedZ7T1A616,Xand Avião,4M7Y8n5FAOrrruH2ewe04k,231680,2019-05-03,55,0.697,0.844,9,-3.076,1,0.0575,0.285,0.0,0.753,0.665,139.993,3.8613333333333335,56uBMvAujYa1ZLSqkYk6hg,final,2019
1iAlmiS4rsofp7zTx1LhCY,É o Que Eu Mereço,7hLjkyL9Pz9xtQNahzJZki,Belo,2nQndgm0FwZHN2nYXWV902,196416,2020-10-02,36,0.7,0.558,9,-6.773,1,0.0357,0.784,1.73e-06,0.0704,0.697,139.994,3.2736,56uBMvAujYa1ZLSqkYk6hg,final,2020
6Hio4nlyWL2WBL8nYlbuGt,Agudo Mágico 3,6TtI28JVtV3RufOCwLvHod,MC K.K,5GPkEvr2pR1wCDXIGImKZD,176360,2022-10-10,69,0.649,0.797,6,-2.405,0,0.0504,0.221,0.0352,0.0728,0.49,129.966,2.9393333333333334,56uBMvAujYa1ZLSqkYk6hg,final,2022
2b5VxW8TParzyeSdSsceXO,Fica,0cXR0xvHgytWQMyW5ozUAn,BFF Girls,3ZFBJaMAZaN3o8YKBYZPyi,163948,2019-12-18,27,0.483,0.515,11,-9.228,1,0.0387,0.185,0.0,0.123,0.437,171.9,2.732466666666667,56uBMvAujYa1ZLSqkYk6hg,final,2019
6QMPzYhqjhoK5v4Vx1PWzQ,Casal Raiz - Ao Vivo,43DRDu6nLSeIedZ7T1A616,Xand Avião,7AQYyopQ9ztjTROe9c2QQG,210432,2019-03-15,40,0.8,0.771,0,-2.125,1,0.0497,0.346,0.0,0.3,0.761,115.965,3.5072,56uBMvAujYa1ZLSqkYk6hg,final,2019
1SuODOZGvgBtlLeOjds7mi,Chega Chora - Ao Vivo,0CrGLmfVKzk9rAyiNb91ft,Diego & Arnaldo,0APozjyeBEE7QdlR8dPWUc,153429,2020-02-14,33,0.854,0.804,7,-2.4,1,0.0437,0.037,0.0,0.312,0.843,124.075,2.55715,56uBMvAujYa1ZLSqkYk6hg,final,2020
7GeTsDIc5ykNB6lORO6Cee,Circo Loco,3TVXtAsR1Inumwj472S9r4,Drake,5MS3MvWHJ3lOZPLiMxzOU6,236795,2022-11-04,87,0.734,0.605,1,-8.476,1,0.0699,0.0102,0.0,0.317,0.252,103.976,3.9465833333333333,56uBMvAujYa1ZLSqkYk6hg,final,2022
4HwDCXsMBC7SUdp2WT4MZP,Into It,7cYEt1pqMgXJdq00hAwVpT,Chase Atlantic,7C8uqokvE67UOlu1TiEYMd,196767,2017-10-04,80,0.518,0.572,10,-6.706,0,0.0416,0.0503,2.41e-05,0.129,0.291,130.053,3.27945,56uBMvAujYa1ZLSqkYk6hg,final,2017
523iIdfnyrXKYZQiBdC1QC,Too Deep for the Intro,0w890d0mv5lIPTjkPQGiKC,Young Prophet,3cXlhkkPIVeQc8E7Wh5B4y,259892,2017-07-20,41,0.532,0.603,5,-9.598,0,0.263,0.476,4.28e-05,0.11,0.778,152.915,4.331533333333334,56uBMvAujYa1ZLSqkYk6hg,final,2017
65OVbaJR5O1RmwOQx0875b,Wants and Needs (feat. Lil Baby),3TVXtAsR1Inumwj472S9r4,Drake,5LuoozUhs2pl3glZeAJl89,192956,2021-03-05,83,0.578,0.449,1,-6.349,1,0.286,0.0618,2.17e-06,0.119,0.1,136.006,3.2159333333333335,56uBMvAujYa1ZLSqkYk6hg,final,2021
4Wjhj0WjkyECccfHVIgaTq,Trust Issues,3TVXtAsR1Inumwj472S9r4,Drake,7dqpveMVcWgbzqYrOdkFTD,281518,2019-08-02,80,0.421,0.539,11,-5.456,0,0.274,0.779,0.0,0.111,0.523,89.177,4.691966666666667,56uBMvAujYa1ZLSqkYk6hg,final,2019
4rmVZajAF7PkrCagGPHbqa,Sticky,3TVXtAsR1Inumwj472S9r4,Drake,3cf4iSSKd8ffTncbtKljXw,243227,2022-06-17,80,0.853,0.495,6,-14.63,1,0.14,0.0917,0.000217,0.0844,0.0774,137.027,4.0537833333333335,56uBMvAujYa1ZLSqkYk6hg,final,2022
7l2nxyx7IkBX5orhkALg0V,Privileged Rappers,3TVXtAsR1Inumwj472S9r4,Drake,5MS3MvWHJ3lOZPLiMxzOU6,160821,2022-11-04,85,0.934,0.614,5,-7.384,1,0.198,0.00274,0.0,0.123,0.616,144.045,2.68035,56uBMvAujYa1ZLSqkYk6hg,final,2022
1bDbXMyjaUIooNwFE9wn0N,Rich Flex,3TVXtAsR1Inumwj472S9r4,Drake,5MS3MvWHJ3lOZPLiMxzOU6,239359,2022-11-04,96,0.561,0.52,11,-9.342,0,0.244,0.0503,1.86e-06,0.355,0.424,153.15,3.989316666666667,56uBMvAujYa1ZLSqkYk6hg,final,2022
1xYpVRspgaLxdJLOTQkTjg,STOP TRYING TO BE GOD,0Y5tJX1MQlPlqiwlOH1tJY,Travis Scott,41GuZcammIkupMPKH2OJ6I,338438,2018-08-03,68,0.588,0.567,4,-3.738,0,0.0628,0.221,0.0,0.135,0.113,150.009,5.640633333333334,56uBMvAujYa1ZLSqkYk6hg,final,2018
40iJIUlhi6renaREYGeIDS,Fair Trade (with Travis Scott),3TVXtAsR1Inumwj472S9r4,Drake,3SpBlxme9WbeQdI9kx7KAV,291175,2021-09-03,83,0.666,0.465,1,-8.545,1,0.26,0.0503,0.0,0.215,0.292,167.937,4.852916666666666,56uBMvAujYa1ZLSqkYk6hg,final,2021
0vbmYCIWENdYyJ36Q4CdSz,90 Proof (with J. Cole),1ybINI1qPiFbwDXamRtwxD,Smino,4WS18QYpvlKrKB7LtcRg0u,208269,2022-09-30,70,0.773,0.623,7,-6.53,1,0.0983,0.24,3.56e-05,0.148,0.528,147.826,3.47115,56uBMvAujYa1ZLSqkYk6hg,final,2022
6uvh0In7u1Xn4HgxOfAn8O,Matilda,6KImCVD70vtIoJWnq6nGn3,Harry Styles,5r36AJ6VOJtp00oxSkBZ5h,245964,2022-05-20,85,0.507,0.294,2,-10.0,1,0.04,0.896,1.97e-05,0.0966,0.386,114.199,4.0994,56uBMvAujYa1ZLSqkYk6hg,final,2022
3MjUtNVVq3C8Fn0MP3zhXa,...Baby One More Time,26dSoYclwsYLMAKD3tpOr4,Britney Spears,3WNxdumkSMGMJRhEgK80qx,211066,1999-01-12,79,0.759,0.699,0,-5.745,0,0.0307,0.202,0.000131,0.443,0.907,92.96,3.5177666666666667,56uBMvAujYa1ZLSqkYk6hg,final,1999
4fixebDZAVToLbUCuEloa2,Womanizer,26dSoYclwsYLMAKD3tpOr4,Britney Spears,2tve5DGwub1TtbX1khPX5j,224400,2008-12-02,76,0.724,0.695,11,-5.226,1,0.0622,0.073,0.0,0.0889,0.235,139.0,3.74,56uBMvAujYa1ZLSqkYk6hg,final,2008
2hdy9Wt9qp7M7d0U3ossu2,If U Seek Amy,26dSoYclwsYLMAKD3tpOr4,Britney Spears,2tve5DGwub1TtbX1khPX5j,216520,2008-12-02,70,0.717,0.587,4,-7.296,0,0.0339,0.0192,0.0,0.0523,0.544,129.954,3.6086666666666667,56uBMvAujYa1ZLSqkYk6hg,final,2008
1ZMiCix7XSAbfAJlEZWMCp,Falling,6KImCVD70vtIoJWnq6nGn3,Harry Styles,7xV2TzoaVc0ycW7fwBwAml,240133,2019-12-13,84,0.567,0.267,4,-6.502,1,0.0299,0.839,1.46e-06,0.089,0.0592,110.011,4.0022166666666665,56uBMvAujYa1ZLSqkYk6hg,final,2019
1UI0l2L66HJ9AtoEOlHzv4,Sometimes,26dSoYclwsYLMAKD3tpOr4,Britney Spears,3WNxdumkSMGMJRhEgK80qx,245066,1999-01-12,69,0.745,0.742,10,-5.693,1,0.0259,0.42,0.0,0.102,0.806,95.996,4.084433333333333,56uBMvAujYa1ZLSqkYk6hg,final,1999
3KliPMvk1EvFZu9cvkj8p1,Work Bitch,26dSoYclwsYLMAKD3tpOr4,Britney Spears,5rlB2HPoNHg2m1wmmh0TRv,247960,2013-11-30,69,0.629,0.824,9,-6.53,1,0.159,0.155,0.000628,0.0651,0.852,128.01,4.132666666666666,56uBMvAujYa1ZLSqkYk6hg,final,2013
5cCAZS9VhLGEDV4NCfieeg,I Wanna Go,26dSoYclwsYLMAKD3tpOr4,Britney Spears,0oFBaXLFsUVa2gEmJf4FcJ,210266,2011-03-28,66,0.696,0.546,5,-6.55,1,0.0414,0.00379,3.8e-06,0.332,0.787,130.002,3.5044333333333335,56uBMvAujYa1ZLSqkYk6hg,final,2011
5Ohxk2dO5COHF1krpoPigN,Sign of the Times,6KImCVD70vtIoJWnq6nGn3,Harry Styles,1FZKIm3JVDCxTchXDo5jOV,340706,2017-05-12,84,0.516,0.595,5,-4.63,1,0.0313,0.0275,0.0,0.109,0.222,119.972,5.678433333333333,56uBMvAujYa1ZLSqkYk6hg,final,2017
51Zw1cKDgkad0CXv23HCMU,Daylight,6KImCVD70vtIoJWnq6nGn3,Harry Styles,5r36AJ6VOJtp00oxSkBZ5h,164533,2022-05-20,83,0.686,0.445,0,-7.189,1,0.0398,0.484,0.00144,0.175,0.626,145.5,2.7422166666666667,56uBMvAujYa1ZLSqkYk6hg,final,2022
0rzaRSujxA0bKyjJl6vHYq,Satellite,6KImCVD70vtIoJWnq6nGn3,Harry Styles,5r36AJ6VOJtp00oxSkBZ5h,218577,2022-05-20,83,0.576,0.457,0,-6.473,1,0.0304,0.143,3.05e-05,0.0917,0.301,138.984,3.64295,56uBMvAujYa1ZLSqkYk6hg,final,2022
1DSJNBNhGZCigg9ll5VeZv,(You Drive Me) Crazy,26dSoYclwsYLMAKD3tpOr4,Britney Spears,3WNxdumkSMGMJRhEgK80qx,198066,1999-01-12,66,0.748,0.939,0,-4.288,0,0.0341,0.0534,0.0,0.32,0.96,104.001,3.3011,56uBMvAujYa1ZLSqkYk6hg,final,1999
4j6kId9QIqhoXvqHKgSKa0,Grapejuice,6KImCVD70vtIoJWnq6nGn3,Harry Styles,5r36AJ6VOJtp00oxSkBZ5h,191958,2022-05-20,79,0.645,0.721,5,-4.394,1,0.0336,0.357,0.143,0.204,0.88,182.928,3.1993,56uBMvAujYa1ZLSqkYk6hg,final,2022
6ldwfK0yWgTAlmIfuQkTYN,I'm a Slave 4 U,26dSoYclwsYLMAKD3tpOr4,Britney Spears,5ax3GTsfX5uCUaNgnJsSG5,203600,2001-10-31,69,0.847,0.843,5,-3.579,0,0.106,0.415,0.000134,0.107,0.963,110.027,3.3933333333333335,56uBMvAujYa1ZLSqkYk6hg,final,2001
1qEmFfgcLObUfQm0j1W2CK,Late Night Talking,6KImCVD70vtIoJWnq6nGn3,Harry Styles,5r36AJ6VOJtp00oxSkBZ5h,177954,2022-05-20,90,0.714,0.728,10,-4.595,1,0.0468,0.298,0.0,0.106,0.901,114.996,2.9659,56uBMvAujYa1ZLSqkYk6hg,final,2022
0dRhSF9LV0HR8Jwd3MMMKJ,Everytime,26dSoYclwsYLMAKD3tpOr4,Britney Spears,0z7pVBGOD7HCIB7S8eLkLI,230306,2003-11-13,66,0.398,0.284,3,-12.852,1,0.0337,0.966,8.57e-05,0.116,0.114,109.599,3.838433333333333,56uBMvAujYa1ZLSqkYk6hg,final,2003
35TyJIMR3xRouUuo2sjS6v,Cinema,6KImCVD70vtIoJWnq6nGn3,Harry Styles,5r36AJ6VOJtp00oxSkBZ5h,243507,2022-05-20,79,0.829,0.644,9,-7.696,0,0.0427,0.354,0.0511,0.0944,0.896,105.993,4.05845,56uBMvAujYa1ZLSqkYk6hg,final,2022
3i058E8uxTsYqJ5NWZzqSj,Little Freak,6KImCVD70vtIoJWnq6nGn3,Harry Styles,5r36AJ6VOJtp00oxSkBZ5h,202183,2022-05-20,82,0.559,0.535,3,-7.723,1,0.039,0.719,0.000143,0.0954,0.402,141.96,3.3697166666666667,56uBMvAujYa1ZLSqkYk6hg,final,2022
2NcQic8JxdjAlAHuNbOIRE,Keep Driving,6KImCVD70vtIoJWnq6nGn3,Harry Styles,5r36AJ6VOJtp00oxSkBZ5h,140241,2022-05-20,81,0.721,0.479,9,-9.669,1,0.226,0.321,0.00156,0.182,0.902,164.948,2.33735,56uBMvAujYa1ZLSqkYk6hg,final,2022
6qj02zSeEJGWZ4c0dn5QzJ,Boyfriends,6KImCVD70vtIoJWnq6nGn3,Harry Styles,5r36AJ6VOJtp00oxSkBZ5h,194543,2022-05-20,76,0.417,0.202,0,-10.976,1,0.0357,0.935,0.0,0.108,0.323,118.029,3.242383333333333,56uBMvAujYa1ZLSqkYk6hg,final,2022
1mw0RgNXIpYRyyCdBQbLgA,Love Of My Life,6KImCVD70vtIoJWnq6nGn3,Harry Styles,5r36AJ6VOJtp00oxSkBZ5h,191638,2022-05-20,81,0.555,0.536,7,-8.233,1,0.0452,0.669,0.0,0.0623,0.203,118.057,3.193966666666667,56uBMvAujYa1ZLSqkYk6hg,final,2022
2IOFZdYYkFxEHVz1w34PoL,Cherry,6KImCVD70vtIoJWnq6nGn3,Harry Styles,7xV2TzoaVc0ycW7fwBwAml,259186,2019-12-13,75,0.53,0.512,7,-9.261,1,0.0259,0.615,0.00453,0.129,0.411,95.946,4.319766666666666,56uBMvAujYa1ZLSqkYk6hg,final,2019
5JiH89mHrv9oWHlD0T326z,To Be So Lonely,6KImCVD70vtIoJWnq6nGn3,Harry Styles,7xV2TzoaVc0ycW7fwBwAml,192080,2019-12-13,72,0.758,0.436,0,-7.269,1,0.0418,0.618,1.61e-05,0.335,0.605,104.959,3.2013333333333334,56uBMvAujYa1ZLSqkYk6hg,final,2019
6SQLk9HSNketfgs2AyIiMs,She,6KImCVD70vtIoJWnq6nGn3,Harry Styles,7xV2TzoaVc0ycW7fwBwAml,362653,2019-12-13,75,0.535,0.521,0,-5.942,1,0.0272,0.000532,0.371,0.19,0.457,140.026,6.044216666666666,56uBMvAujYa1ZLSqkYk6hg,final,2019
6VzcQuzTNTMFnJ6rBSaLH9,Fine Line,6KImCVD70vtIoJWnq6nGn3,Harry Styles,7xV2TzoaVc0ycW7fwBwAml,377960,2019-12-13,78,0.306,0.347,2,-8.5,1,0.0334,0.172,0.00013,0.0485,0.0511,120.996,6.299333333333333,56uBMvAujYa1ZLSqkYk6hg,final,2019
6iYMfxznTBlcVOgRHab2W0,"Sunflower, Vol. 6",6KImCVD70vtIoJWnq6nGn3,Harry Styles,7xV2TzoaVc0ycW7fwBwAml,221826,2019-12-13,73,0.566,0.846,7,-6.904,0,0.035,0.000564,0.000795,0.121,0.86,160.02,3.6971,56uBMvAujYa1ZLSqkYk6hg,final,2019
5IhzJOXNE7ki0IIJbZbnGq,Canyon Moon,6KImCVD70vtIoJWnq6nGn3,Harry Styles,7xV2TzoaVc0ycW7fwBwAml,189786,2019-12-13,73,0.603,0.621,2,-7.14,1,0.0267,0.328,3.49e-05,0.119,0.7,94.022,3.1631,56uBMvAujYa1ZLSqkYk6hg,final,2019
2TTYIwTM2iLC1YOyHuhRMt,Lucky,26dSoYclwsYLMAKD3tpOr4,Britney Spears,5PmgtkodFl2Om3hMXONDll,206226,2000-05-16,67,0.765,0.791,8,-5.707,1,0.0317,0.262,0.000154,0.0669,0.966,95.026,3.4371,56uBMvAujYa1ZLSqkYk6hg,final,2000
5QhBKPqsnX1uY9fZNaAtZg,Stronger,26dSoYclwsYLMAKD3tpOr4,Britney Spears,5PmgtkodFl2Om3hMXONDll,203000,2000-05-16,65,0.707,0.923,11,-3.957,1,0.0521,0.128,0.000437,0.273,0.842,108.049,3.3833333333333333,56uBMvAujYa1ZLSqkYk6hg,final,2000
38iU2jg98IZZEIJPrP7aWD,Till the World Ends,26dSoYclwsYLMAKD3tpOr4,Britney Spears,0oFBaXLFsUVa2gEmJf4FcJ,237946,2011-03-28,65,0.693,0.705,8,-5.747,1,0.0665,0.0228,0.0,0.202,0.45,131.951,3.9657666666666667,56uBMvAujYa1ZLSqkYk6hg,final,2011
1xg1yGPy1Y3YUf44s6TB1o,"I'm Not a Girl, Not Yet a Woman",26dSoYclwsYLMAKD3tpOr4,Britney Spears,5ax3GTsfX5uCUaNgnJsSG5,231066,2001-10-31,60,0.534,0.543,3,-6.857,1,0.0245,0.579,0.0,0.112,0.418,78.996,3.8511,56uBMvAujYa1ZLSqkYk6hg,final,2001
2d7fRuDlFZfKIoSuf8bhGv,3,26dSoYclwsYLMAKD3tpOr4,Britney Spears,2ti2e8J05nwg9ikcMjW8aS,205533,2014-07-29,50,0.701,0.72,5,-1.948,0,0.0475,0.0518,0.0,0.199,0.761,134.962,3.42555,56uBMvAujYa1ZLSqkYk6hg,final,2014
4au7FRcgZzChASRYu279xH,Con Calma - Remix,4VMYDCV2IEDYJArk749S6m,Daddy Yankee,5lJogLNbwElUSdBmmf8VQB,181280,2019-04-19,62,0.736,0.868,8,-3.01,0,0.0454,0.166,1.48e-06,0.0419,0.613,94.026,3.021333333333333,56uBMvAujYa1ZLSqkYk6hg,final,2019
6F5c58TMEs1byxUstkzVeM,Roar,6jJ0s89eD6GaHleKKya26X,Katy Perry,5MQBzs5YlZlE28mD9yUItn,223546,2013-10-18,72,0.554,0.772,7,-4.821,0,0.0418,0.00487,6.6e-06,0.354,0.455,179.984,3.7257666666666664,56uBMvAujYa1ZLSqkYk6hg,final,2013
4rHmKlFRiFzabiVO6e9w2e,Bon Appétit,6jJ0s89eD6GaHleKKya26X,Katy Perry,0UlbGi4oAth8s6rwaGSU8Z,227813,2017-06-09,66,0.8,0.795,6,-5.835,1,0.0626,0.131,9.02e-05,0.221,0.528,106.031,3.796883333333333,56uBMvAujYa1ZLSqkYk6hg,final,2017
455AfCsOhhLPRc68sE01D8,Last Friday Night (T.G.I.F.),6jJ0s89eD6GaHleKKya26X,Katy Perry,5BvgP623rtvlc0HDcpzquz,230746,2012-03-12,75,0.649,0.815,3,-3.796,0,0.0415,0.00125,4.31e-05,0.671,0.765,126.03,3.8457666666666666,56uBMvAujYa1ZLSqkYk6hg,final,2012
1pXrR5Y9OgcIV2JEAl2lCB,I Kissed A Girl,6jJ0s89eD6GaHleKKya26X,Katy Perry,7rSjuY09uCzvMY4TlFsBD8,179640,2008-06-17,72,0.699,0.76,5,-3.173,1,0.0677,0.00223,0.0,0.132,0.696,129.996,2.994,56uBMvAujYa1ZLSqkYk6hg,final,2008
4z8ssgZfs5TzKiO8HaGWXO,E.T.,6jJ0s89eD6GaHleKKya26X,Katy Perry,5BvgP623rtvlc0HDcpzquz,206373,2012-03-12,70,0.603,0.872,5,-5.404,0,0.0792,0.0213,0.0,0.366,0.691,150.104,3.43955,56uBMvAujYa1ZLSqkYk6hg,final,2012
3f7gYMirBEKuc57218BjOY,California Gurls,6jJ0s89eD6GaHleKKya26X,Katy Perry,06SY6Ke6mXzZHhURLVU57R,234653,2010-08-24,70,0.788,0.753,0,-3.71,1,0.0536,0.0038,0.0,0.18,0.403,125.005,3.9108833333333335,56uBMvAujYa1ZLSqkYk6hg,final,2010
3ksNHUNCTP6Pan8rjFnmtw,Never Worn White,6jJ0s89eD6GaHleKKya26X,Katy Perry,0Gubs5k8ay34m9a0yiliRa,225039,2020-03-05,50,0.544,0.353,11,-7.275,0,0.0303,0.706,0.0,0.105,0.357,138.059,3.75065,56uBMvAujYa1ZLSqkYk6hg,final,2020
7qvxFz3JodM0A7xEM7k3YD,Chained To The Rhythm,6jJ0s89eD6GaHleKKya26X,Katy Perry,0UlbGi4oAth8s6rwaGSU8Z,237733,2017-06-09,69,0.562,0.8,0,-5.404,1,0.112,0.0814,0.0,0.199,0.471,95.029,3.9622166666666665,56uBMvAujYa1ZLSqkYk6hg,final,2017
5JLv62qFIS1DR3zGEcApRt,Wide Awake,6jJ0s89eD6GaHleKKya26X,Katy Perry,5BvgP623rtvlc0HDcpzquz,220946,2012-03-12,68,0.514,0.683,5,-5.099,1,0.0367,0.0749,2.64e-06,0.392,0.575,159.814,3.6824333333333334,56uBMvAujYa1ZLSqkYk6hg,final,2012
009ImBOrIUlWgla8U05RAC,Unconditionally,6jJ0s89eD6GaHleKKya26X,Katy Perry,3jB9yFDwRe3KhtGnHXJntk,228878,2013-01-01,80,0.432,0.725,7,-4.862,1,0.0431,0.00273,0.0,0.208,0.353,128.902,3.8146333333333335,56uBMvAujYa1ZLSqkYk6hg,final,2013
5PYQUBXc7NYeI1obMKSJK0,Never Really Over,6jJ0s89eD6GaHleKKya26X,Katy Perry,3KjXg0MDej2pG9fv6I22lT,223523,2019-05-31,71,0.77,0.882,8,-4.792,1,0.0602,0.194,0.0,0.316,0.385,99.991,3.7253833333333333,56uBMvAujYa1ZLSqkYk6hg,final,2019
1CwNogTShsnsn1C8UhRmYX,Rise,6jJ0s89eD6GaHleKKya26X,Katy Perry,7oqEOzrJhQkMHvHKEHEMrK,203474,2016-07-15,63,0.553,0.639,11,-6.445,1,0.0458,0.0468,0.0,0.107,0.442,101.418,3.3912333333333335,56uBMvAujYa1ZLSqkYk6hg,final,2016
2iuZJX9X9P0GKaE93xcPjk,Sugar,04gDigrS5kc9YWfZHwBETP,Maroon 5,2Auw0pTT6EcQdvHNimhLQI,235493,2014-09-02,81,0.748,0.788,1,-7.055,1,0.0334,0.0591,0.0,0.0863,0.884,120.076,3.9248833333333333,56uBMvAujYa1ZLSqkYk6hg,final,2014
0GxQ1A5L9xnMOytbP6eKBG,What Lovers Do (feat. SZA),04gDigrS5kc9YWfZHwBETP,Maroon 5,1Li4rADxSxjT2g4xqUcMYh,199849,2018-06-15,72,0.799,0.597,5,-5.131,0,0.0611,0.0788,5.66e-06,0.1,0.419,110.001,3.3308166666666668,56uBMvAujYa1ZLSqkYk6hg,final,2018
7sapKrjDij2fpDVj0GxP66,She Will Be Loved,04gDigrS5kc9YWfZHwBETP,Maroon 5,1Rv9WRKyYhFaGbuYDaQunN,257133,2002-06-25,74,0.706,0.713,0,-5.512,0,0.0301,0.0596,0.0,0.132,0.544,102.037,4.28555,56uBMvAujYa1ZLSqkYk6hg,final,2002
4gbVRS8gloEluzf0GzDOFc,Maps,04gDigrS5kc9YWfZHwBETP,Maroon 5,2Auw0pTT6EcQdvHNimhLQI,189960,2014-09-02,84,0.742,0.713,1,-5.522,0,0.0303,0.0205,0.0,0.059,0.879,120.032,3.166,56uBMvAujYa1ZLSqkYk6hg,final,2014
5o3GnrcFtvkdf3zFznuSbA,Don't Wanna Know (feat. Kendrick Lamar),04gDigrS5kc9YWfZHwBETP,Maroon 5,1Li4rADxSxjT2g4xqUcMYh,214265,2018-06-15,70,0.783,0.61,7,-6.124,1,0.0696,0.343,0.0,0.0983,0.418,100.047,3.571083333333333,56uBMvAujYa1ZLSqkYk6hg,final,2018
2NlTOhsAamXOaZciOXbITb,Cold (feat. Future),04gDigrS5kc9YWfZHwBETP,Maroon 5,1Li4rADxSxjT2g4xqUcMYh,234308,2018-06-15,72,0.693,0.717,9,-6.346,0,0.107,0.14,0.0,0.0464,0.412,99.836,3.905133333333333,56uBMvAujYa1ZLSqkYk6hg,final,2018
1XGmzt0PVuFgQYYnV2It7A,Payphone,04gDigrS5kc9YWfZHwBETP,Maroon 5,6ijGiBcBfUwkoyHn5VUHU2,231173,2012-01-01,85,0.743,0.752,4,-4.813,1,0.0414,0.0188,0.0,0.287,0.545,110.015,3.852883333333333,56uBMvAujYa1ZLSqkYk6hg,final,2012
1r299qCKBLgUS9XJ9m1kEx,Moves Like Jagger,04gDigrS5kc9YWfZHwBETP,Maroon 5,5NdkVAsSvgUfe3cD8LwSTD,202640,2015-09-25,69,0.72,0.751,11,-4.484,0,0.0462,0.0113,0.0,0.353,0.599,128.017,3.3773333333333335,56uBMvAujYa1ZLSqkYk6hg,final,2015
6ECp64rv50XVz93WvxXMGF,This Love,04gDigrS5kc9YWfZHwBETP,Maroon 5,5zClcGCSWj926AMjvBNSLc,206200,2002,80,0.712,0.862,5,-4.612,0,0.0378,0.0525,0.0,0.093,0.809,95.051,3.4366666666666665,56uBMvAujYa1ZLSqkYk6hg,final,2002
3T9CfDxFYqZWSKxd0BhZrb,Wait,04gDigrS5kc9YWfZHwBETP,Maroon 5,1Li4rADxSxjT2g4xqUcMYh,190642,2018-06-15,63,0.655,0.603,8,-5.014,1,0.0555,0.0959,0.0,0.107,0.452,126.088,3.1773666666666665,56uBMvAujYa1ZLSqkYk6hg,final,2018
0RZyUsKfiC7MtiGKatCtGc,Misery,04gDigrS5kc9YWfZHwBETP,Maroon 5,1snrPQMoTrBsKl73wzSxbn,216200,2010,66,0.703,0.81,4,-4.874,0,0.0424,0.000315,0.0,0.216,0.726,102.978,3.6033333333333335,56uBMvAujYa1ZLSqkYk6hg,final,2010
4rpzPAbwJboZQw2p9T5T3f,Lucky Strike,04gDigrS5kc9YWfZHwBETP,Maroon 5,6ijGiBcBfUwkoyHn5VUHU2,185293,2012-01-01,60,0.673,0.746,11,-4.514,0,0.0424,0.000607,0.0,0.0988,0.446,144.013,3.088216666666667,56uBMvAujYa1ZLSqkYk6hg,final,2012
6WEBwvsmpaoGxka0tSh5a7,Won't Go Home Without You,04gDigrS5kc9YWfZHwBETP,Maroon 5,2RUHJZ3raiIDsR3yX4JXf5,231173,2007-01-01,73,0.737,0.615,3,-3.76,1,0.0317,0.0149,0.0,0.102,0.41,110.023,3.852883333333333,56uBMvAujYa1ZLSqkYk6hg,final,2007
5H0ajL4EHsrcAEGESo2Lzx,Love Somebody,04gDigrS5kc9YWfZHwBETP,Maroon 5,6ijGiBcBfUwkoyHn5VUHU2,229973,2012-01-01,62,0.675,0.783,1,-6.284,1,0.0365,0.134,0.0,0.122,0.4,120.018,3.832883333333333,56uBMvAujYa1ZLSqkYk6hg,final,2012
3PNOYDruQplC92lNc7mE9W,Makes Me Wonder,04gDigrS5kc9YWfZHwBETP,Maroon 5,2RUHJZ3raiIDsR3yX4JXf5,211080,2007-01-01,63,0.803,0.851,7,-2.429,1,0.0357,0.00485,0.000358,0.0577,0.881,113.996,3.518,56uBMvAujYa1ZLSqkYk6hg,final,2007
3MEYFivt6bilQ9q9mFWZ4g,Alone,64KEffDW9EtZ1y2vBYgq8T,Marshmello,7ePC9qS9mSOTY9E0YPP6yg,273802,2016-05-13,72,0.631,0.953,2,-3.739,1,0.0343,0.0241,0.0155,0.108,0.422,141.99,4.563366666666667,56uBMvAujYa1ZLSqkYk6hg,final,2016
6GRMKQ3RrivYgLEO6h7ebu,Stars,64KEffDW9EtZ1y2vBYgq8T,Marshmello,0xi4cOWPUHjctyYU8ypCOB,246760,2018-06-22,53,0.507,0.96,8,-2.619,1,0.0394,0.0132,0.971,0.0703,0.801,142.029,4.112666666666667,56uBMvAujYa1ZLSqkYk6hg,final,2018
0tBbt8CrmxbjRP0pueQkyU,Wolves,0C8ZW7ezQVs4URX5aX7Kqx,Selena Gomez,5gQZvWM1o8NkQndueJtZcP,197993,2017-10-25,80,0.724,0.804,11,-4.614,0,0.0448,0.124,0.0,0.204,0.306,124.987,3.2998833333333333,56uBMvAujYa1ZLSqkYk6hg,final,2017
4hPpVbbakQNv8YTHYaOJP4,One Thing Right,64KEffDW9EtZ1y2vBYgq8T,Marshmello,4QAC6FquY8D0RXom13iE5J,181823,2019-06-21,73,0.659,0.625,4,-2.253,1,0.045,0.0644,0.0,0.582,0.442,88.042,3.0303833333333334,56uBMvAujYa1ZLSqkYk6hg,final,2019
6kwH41LJ6hfxlGn2c4oh6Y,Together,64KEffDW9EtZ1y2vBYgq8T,Marshmello,0xi4cOWPUHjctyYU8ypCOB,246760,2018-06-22,48,0.567,0.703,10,-2.08,0,0.0311,0.00114,0.921,0.101,0.309,142.019,4.112666666666667,56uBMvAujYa1ZLSqkYk6hg,final,2018
7jzldCBnJjpJM3epzJ85KE,Tongue Tied (with YUNGBLUD & blackbear),64KEffDW9EtZ1y2vBYgq8T,Marshmello,3NTBbNcEuBN3XKkUfk4pil,186024,2019-11-13,60,0.628,0.821,1,-2.721,0,0.0525,0.0208,0.0,0.426,0.465,93.001,3.1004,56uBMvAujYa1ZLSqkYk6hg,final,2019
4wXum3jZgEGLxScTygQ5US,Blocks,64KEffDW9EtZ1y2vBYgq8T,Marshmello,6opKASPALOkPwCfHvqIS9H,209577,2016-01-08,45,0.555,0.844,9,-2.096,0,0.0705,0.000163,0.00617,0.426,0.563,142.115,3.49295,56uBMvAujYa1ZLSqkYk6hg,final,2016
6r8k1vznHrzlEKYxL4dZEe,La Isla Bonita,6tbjWDEIzxoDsBA1FuhfPW,Madonna,6fmnT17jc2Sc69q3nza1eD,242733,1986-06-30,74,0.724,0.822,1,-4.374,0,0.0333,0.304,1.38e-05,0.0553,0.964,99.9,4.04555,56uBMvAujYa1ZLSqkYk6hg,final,1986
1z3ugFmUKoCzGsI6jdY4Ci,Like a Prayer,6tbjWDEIzxoDsBA1FuhfPW,Madonna,43lok9zd7BW5CoYkXZs7S0,342680,2009-09-18,73,0.624,0.842,5,-5.285,1,0.0376,0.264,2.11e-05,0.181,0.257,111.037,5.711333333333333,56uBMvAujYa1ZLSqkYk6hg,final,2009
1oHClQEgDmmbcEx12Kc5nZ,4 Minutes (feat. Justin Timberlake & Timbaland),6tbjWDEIzxoDsBA1FuhfPW,Madonna,43lok9zd7BW5CoYkXZs7S0,189693,2009-09-18,71,0.753,0.931,2,-4.922,1,0.0652,0.00994,0.00696,0.234,0.767,113.029,3.16155,56uBMvAujYa1ZLSqkYk6hg,final,2009
6A8OnjnpShshNpcqWtZRjr,Papa Don't Preach,6tbjWDEIzxoDsBA1FuhfPW,Madonna,6fmnT17jc2Sc69q3nza1eD,268533,1986-06-30,66,0.833,0.934,5,-3.243,0,0.0313,0.343,7.55e-06,0.0521,0.964,121.879,4.47555,56uBMvAujYa1ZLSqkYk6hg,final,1986
2bZMOs3RjmhhGca6MEzjyl,Bitch I'm Madonna,6tbjWDEIzxoDsBA1FuhfPW,Madonna,5TAX07toYGN4AFshlKpmZb,227480,2015-03-10,59,0.722,0.63,3,-5.784,0,0.132,0.0485,0.000294,0.179,0.519,150.023,3.791333333333333,56uBMvAujYa1ZLSqkYk6hg,final,2015
0bLRXQaWzmSXRXPmP6JnEF,Don't Cry for Me Argentina,6tbjWDEIzxoDsBA1FuhfPW,Madonna,7FEyjOwZ7Hjvtb92GjM286,335733,1996-10-25,55,0.323,0.149,11,-13.906,1,0.0339,0.898,4.2e-06,0.099,0.0788,105.033,5.59555,56uBMvAujYa1ZLSqkYk6hg,final,1996
55whbebR4olz2HHcRQa2kx,Sorry,6tbjWDEIzxoDsBA1FuhfPW,Madonna,1hg0pQJLE9dzfT1kgZtDPr,281880,2005-11-11,63,0.589,0.877,0,-6.229,0,0.046,0.00121,0.013,0.169,0.443,132.971,4.698,56uBMvAujYa1ZLSqkYk6hg,final,2005
2m0M7YqCy4lXfedh18qd8N,Into the Groove,6tbjWDEIzxoDsBA1FuhfPW,Madonna,43lok9zd7BW5CoYkXZs7S0,285093,2009-09-18,65,0.729,0.856,10,-4.164,0,0.035,0.0658,0.00832,0.0691,0.804,116.467,4.75155,56uBMvAujYa1ZLSqkYk6hg,final,2009
1ZPlNanZsJSPK5h9YZZFbZ,Like a Virgin,6tbjWDEIzxoDsBA1FuhfPW,Madonna,2IU9ftOgyRL2caQGWK1jjX,218626,1984-11-12,71,0.771,0.655,3,-10.842,0,0.0372,0.152,0.00197,0.0685,0.97,119.747,3.6437666666666666,56uBMvAujYa1ZLSqkYk6hg,final,1984
095MMFhB9qxPx2VsmvjnUs,Live to Tell,6tbjWDEIzxoDsBA1FuhfPW,Madonna,6fmnT17jc2Sc69q3nza1eD,351920,1986-06-30,60,0.652,0.521,2,-6.752,0,0.0256,0.263,0.0011,0.107,0.235,109.943,5.865333333333333,56uBMvAujYa1ZLSqkYk6hg,final,1986
6mfu6jyFgvnXeTPQrYNs8d,Medellín (with Maluma),6tbjWDEIzxoDsBA1FuhfPW,Madonna,1G2YEQPXaOj1JZwa3ZiGe8,298164,2019-06-14,54,0.814,0.683,1,-7.091,1,0.304,0.0596,1.92e-05,0.671,0.473,91.963,4.9694,56uBMvAujYa1ZLSqkYk6hg,final,2019
01VFDkHBNJcCNUjzD3flWg,The Power of Good-Bye,6tbjWDEIzxoDsBA1FuhfPW,Madonna,6cuNyrSmRjBeekioLdLkvI,250560,1998-03-03,60,0.534,0.561,5,-11.089,0,0.0409,0.0442,0.678,0.189,0.219,84.978,4.176,56uBMvAujYa1ZLSqkYk6hg,final,1998
6B4oVElDIKRNcNUary0WG7,Crazy for You,6tbjWDEIzxoDsBA1FuhfPW,Madonna,43lok9zd7BW5CoYkXZs7S0,224320,2009-09-18,62,0.662,0.719,9,-6.606,1,0.0298,0.107,0.0,0.102,0.511,95.001,3.7386666666666666,56uBMvAujYa1ZLSqkYk6hg,final,2009
4k6ktr10Hczmh55NY3LfJy,Holiday,6tbjWDEIzxoDsBA1FuhfPW,Madonna,43lok9zd7BW5CoYkXZs7S0,368280,2009-09-18,58,0.854,0.796,11,-5.567,0,0.0399,0.0542,0.00184,0.151,0.946,115.625,6.138,56uBMvAujYa1ZLSqkYk6hg,final,2009
59qPP8coY8EWIQ9nQDThui,Give It 2 Me,6tbjWDEIzxoDsBA1FuhfPW,Madonna,1Ms3J8LcSCMH29tG5bSKLu,287906,2008-04-19,58,0.837,0.954,8,-3.512,0,0.0414,0.0933,0.000405,0.143,0.972,127.019,4.7984333333333336,56uBMvAujYa1ZLSqkYk6hg,final,2008
7DUpuAzGUyJaJB3p9BC3Ms,Die Another Day,6tbjWDEIzxoDsBA1FuhfPW,Madonna,6makHXbA3KBYNlYEPXyFJW,276360,2003-04-22,54,0.792,0.797,0,-5.166,0,0.0901,0.062,0.00325,0.0896,0.491,123.993,4.606,56uBMvAujYa1ZLSqkYk6hg,final,2003
4XcWXKMKp53c8OU3HHlxgL,Amor e Fé - Acústico,0vLuOi2k62sHujIfplInlK,Hungria Hip Hop,58UBmFSA3MNkDloRrt2Mxr,322736,2020-08-21,69,0.632,0.697,4,-7.086,0,0.0377,0.589,0.0,0.375,0.837,135.961,5.378933333333333,56uBMvAujYa1ZLSqkYk6hg,final,2020
3ibuNV17Z6EIEFxiDaLeZe,Em Busca da Luz,4r6d4drhz83kHCRVJnzgdr,Marcelo Falcão,6PSbumMsFAlthE8TkDkKRf,219653,2021-08-20,39,0.653,0.718,6,-4.077,0,0.0402,0.312,0.0,0.0925,0.486,107.985,3.6608833333333335,56uBMvAujYa1ZLSqkYk6hg,final,2021
3oqC4Ta40ft6NnTJwcUTdi,Pipa Voada (feat. Emicida),5WgRuO0mhM36NFoapzpWBH,Rashid,083NpzlPOa5Q2mWOEkEaGw,185333,2020-01-22,61,0.758,0.732,5,-5.511,0,0.051,0.489,0.0,0.13,0.924,90.038,3.0888833333333334,56uBMvAujYa1ZLSqkYk6hg,final,2020
42pOZKprNiM6Wpa1KJuhnT,Jasmim,0vLuOi2k62sHujIfplInlK,Hungria Hip Hop,1tBrAQ9JBEamTypvEtOGz5,223360,2021-09-24,46,0.588,0.609,4,-8.086,0,0.0283,0.433,0.0106,0.224,0.555,96.056,3.7226666666666666,56uBMvAujYa1ZLSqkYk6hg,final,2021
1RPrzKZdkzCNV0Ux0xEHg2,Ela Só Quer Paz,2zGf6lwQ9PxXdoeo5XXP2K,Projota,0kt2b6HTMmlV4A5f97LZk9,174382,2016-01-27,64,0.655,0.664,0,-4.506,0,0.179,0.0207,0.0,0.0771,0.934,172.005,2.9063666666666665,56uBMvAujYa1ZLSqkYk6hg,final,2016
6toDZSoqG5QUitFsoxavRy,Complicado,06lnOkY99sXVW44Y0M4BDP,Vitão,71HeCCNmwSJpAQy0eZYwV0,179339,2020-01-17,52,0.734,0.484,7,-7.486,0,0.13,0.57,0.0,0.224,0.499,130.05,2.9889833333333335,56uBMvAujYa1ZLSqkYk6hg,final,2020
6i9ToXS6CAfjpp8veBklg1,Café,06lnOkY99sXVW44Y0M4BDP,Vitão,1O8LPICWMyVScYtJb3zdJ8,190434,2019-03-08,56,0.776,0.5,11,-4.788,1,0.0979,0.0537,0.0,0.344,0.491,92.027,3.1739,56uBMvAujYa1ZLSqkYk6hg,final,2019
1wJs9F5BJ448hdda1u1NYw,Céu Aberto,4r6d4drhz83kHCRVJnzgdr,Marcelo Falcão,0Ih8g4IISGlQzvCTCoG3Ro,271804,2021-03-19,55,0.648,0.682,11,-4.558,1,0.0556,0.254,0.0,0.108,0.295,95.042,4.5300666666666665,56uBMvAujYa1ZLSqkYk6hg,final,2021
6l1PdE7lQbodewVQh16GCM,Sei Lá,2zGf6lwQ9PxXdoeo5XXP2K,Projota,4LMsH7jGH7oD0CLA8My6Hf,190363,2019-04-25,59,0.661,0.43,6,-8.738,1,0.0422,0.519,0.0,0.111,0.962,151.955,3.1727166666666666,56uBMvAujYa1ZLSqkYk6hg,final,2019
5EDTdg6eLRK9aByNMBWCFk,Um Pouco De Você,06lnOkY99sXVW44Y0M4BDP,Vitão,71HeCCNmwSJpAQy0eZYwV0,162866,2020-01-17,45,0.774,0.603,9,-7.367,0,0.0711,0.168,0.0,0.288,0.646,89.998,2.7144333333333335,56uBMvAujYa1ZLSqkYk6hg,final,2020
71dwCpTZQpjLuqnJzyGbFz,Um Pedido,0vLuOi2k62sHujIfplInlK,Hungria Hip Hop,7oXqiOeFY3lrUNg3UU1OeJ,211985,2019-06-07,66,0.836,0.544,5,-7.329,0,0.0592,0.327,0.0,0.135,0.322,140.027,3.5330833333333334,56uBMvAujYa1ZLSqkYk6hg,final,2019
4Wr9IB1Q4Dla9msXgFzkTj,Qué Pasa,2zGf6lwQ9PxXdoeo5XXP2K,Projota,7laomHcuIzGROQOFGYbb5o,196771,2019-10-25,48,0.937,0.571,8,-7.426,1,0.227,0.0415,0.0,0.469,0.404,104.894,3.279516666666667,56uBMvAujYa1ZLSqkYk6hg,final,2019
58jGFWOk4X8arSg5l9UrxC,Conspiração,1xxS2WrLlgl9QNGEUCsbPG,Tribo da Periferia,6ALNr8Fr4RqCcU2X0jTELy,170666,2019-09-20,60,0.822,0.51,5,-6.954,0,0.0634,0.342,0.0,0.401,0.34,134.854,2.8444333333333334,56uBMvAujYa1ZLSqkYk6hg,final,2019
5XuEwQJgFGbnq5q0MwtwmU,Rouxinol,0GWNKI3VPEcJsOIEhUjmxd,Rael,7GflQRs2UHd9J5aDAx2ntx,193097,2016-11-11,47,0.751,0.678,6,-7.682,0,0.0534,0.296,0.00117,0.108,0.691,95.002,3.2182833333333334,56uBMvAujYa1ZLSqkYk6hg,final,2016
2srL4DYBekshpbprS6H0mO,Deixe Me Ir - Acústico,6E2st8OqIaS7PU5gj95FSE,1Kilo,1eFFmE91zTBJQCz8YtFctr,213191,2017-03-17,68,0.555,0.439,7,-11.026,1,0.222,0.841,0.0,0.106,0.705,186.581,3.553183333333333,56uBMvAujYa1ZLSqkYk6hg,final,2017
3syjBDx0Qlq7xnJ4ElytPt,Ombrim,2zGf6lwQ9PxXdoeo5XXP2K,Projota,4aCyoLJEAjNzb1h1c3hijz,185259,2020-05-22,33,0.512,0.714,0,-5.642,0,0.386,0.348,0.0,0.113,0.888,83.629,3.08765,56uBMvAujYa1ZLSqkYk6hg,final,2020
2odzriVVZBwYOiYJEj30tm,Pouca Pausa,13A9x5VINTOaVnYxK4rbNQ,Clau,4uvWaZXSz2eMn7YZXXXcS1,279756,2018-06-15,61,0.886,0.583,8,-6.639,0,0.149,0.194,0.0,0.0922,0.883,103.006,4.6626,56uBMvAujYa1ZLSqkYk6hg,final,2018
3PX5eDiq4yOCeryQg5FcFr,A Voz E O Violão,2zGf6lwQ9PxXdoeo5XXP2K,Projota,6gEnotCkoJLErkbEpoqkmk,203861,2018-10-26,52,0.811,0.628,6,-6.77,0,0.258,0.272,0.0,0.0982,0.891,84.943,3.397683333333333,56uBMvAujYa1ZLSqkYk6hg,final,2018
39DGDdAkfUm712PbpBqTlj,Volta Que Dá Tempo,2iK1rsbYstkSVn57M4s8ut,Gaab,2A5UWu3yNNrnfbAfICNnV2,172800,2021-01-22,21,0.712,0.619,10,-4.704,0,0.147,0.577,0.0,0.102,0.691,169.886,2.88,56uBMvAujYa1ZLSqkYk6hg,final,2021
1AlHn9GTOYVrY21RaHGyDG,Primeira Vez,13A9x5VINTOaVnYxK4rbNQ,Clau,3TwEiVQN9lxBZ98rCdnpt6,193125,2020-04-17,51,0.691,0.735,3,-4.623,0,0.0379,0.0988,0.0,0.091,0.692,127.959,3.21875,56uBMvAujYa1ZLSqkYk6hg,final,2020
41aM1UUOKve4PcxzdmP6uh,Sua Vez,5veVxxPm1vzgi6pO2iVA8L,Bruno Martini,5Vjar7t713rm8AvTlBnVMg,168028,2019-10-04,28,0.727,0.68,1,-6.261,0,0.204,0.282,0.0,0.229,0.578,159.869,2.800466666666667,56uBMvAujYa1ZLSqkYk6hg,final,2019
2iZKEK4wJQbfAra1T1Dy2S,Aglomeração a 2,5BWqFYIPTnFx3OPWOoJvmD,Gabriel O Pensador,7bvjMjeGIjCcGj5BWTlkDc,200000,2020-07-24,34,0.856,0.78,1,-8.279,1,0.152,0.125,0.0,0.0484,0.873,149.983,3.3333333333333335,56uBMvAujYa1ZLSqkYk6hg,final,2020
2mlsK27VNUj8y08BvtIbXu,Pontos de Exclamação,4m5LghDfOKFZNEBZ0GO1OQ,Jovem Dionisio,6OMICpWuK1nwndfvZJuGyb,181000,2020-03-06,66,0.724,0.332,11,-10.92,0,0.0661,0.763,0.00106,0.0605,0.58,118.036,3.0166666666666666,56uBMvAujYa1ZLSqkYk6hg,final,2020
5AkcVThRpDkN3BlsFYnYj3,Beijo B,0GWNKI3VPEcJsOIEhUjmxd,Rael,0kwClqW6ZjFBmyfVI7oEpG,203933,2019-09-12,33,0.766,0.834,11,-7.456,0,0.0485,0.025,0.000506,0.0935,0.646,113.985,3.3988833333333335,56uBMvAujYa1ZLSqkYk6hg,final,2019
0TpDDNhAvukWiJL9SjEe9O,Melhor Que Ontem,2iK1rsbYstkSVn57M4s8ut,Gaab,6FMd26Sy35kd9boORkrOnT,180750,2021-07-16,42,0.636,0.46,2,-5.937,1,0.0764,0.107,0.0,0.0919,0.649,91.989,3.0125,56uBMvAujYa1ZLSqkYk6hg,final,2021
3lweyqK9BKJOY1pCKTEpnU,Só Ficou O Cheiro (feat. Melim),0GWNKI3VPEcJsOIEhUjmxd,Rael,0kwClqW6ZjFBmyfVI7oEpG,212480,2019-09-12,48,0.744,0.728,0,-6.971,1,0.0755,0.504,0.0,0.472,0.608,84.003,3.541333333333333,56uBMvAujYa1ZLSqkYk6hg,final,2019
23DMhYv6WjRmIRck1Uwjev,Bilhete 2.0,5WgRuO0mhM36NFoapzpWBH,Rashid,5gtoxo8VoETM0EhENX6k91,223488,2018-01-19,58,0.628,0.724,10,-6.741,0,0.216,0.177,0.0,0.095,0.668,87.986,3.7248,56uBMvAujYa1ZLSqkYk6hg,final,2018
56i4PuApPOoMOT5R1Wx4ZI,Imprevisível,1xxS2WrLlgl9QNGEUCsbPG,Tribo da Periferia,4O9Lp2CyHiCMG6754mGahJ,241343,2018-06-04,64,0.692,0.408,7,-8.02,0,0.0693,0.559,0.0,0.11,0.329,144.005,4.022383333333333,56uBMvAujYa1ZLSqkYk6hg,final,2018
5xVJU6DJHnmHnbbKS56yCC,4 da manhã,3zhKxZr516VdNDa8v3oft2,UM44K,4pbbrNIhUdWxLYmd46lhVl,216428,2017-04-28,61,0.794,0.474,2,-6.993,0,0.0387,0.66,0.0,0.112,0.857,111.971,3.6071333333333335,56uBMvAujYa1ZLSqkYk6hg,final,2017
6xH30x24KWgFeWI5O2S4G0,Mais Que Bom,06lnOkY99sXVW44Y0M4BDP,Vitão,0qASeNaCv76o2t4aKuF5bP,170722,2020-04-16,38,0.795,0.6,1,-6.621,0,0.136,0.108,0.0,0.195,0.709,84.997,2.8453666666666666,56uBMvAujYa1ZLSqkYk6hg,final,2020
3PkUvpDnKBjOR11CTAD607,Sobrou Silêncio (feat. DUDA BEAT),5WgRuO0mhM36NFoapzpWBH,Rashid,083NpzlPOa5Q2mWOEkEaGw,192717,2020-01-22,49,0.824,0.76,11,-5.027,0,0.116,0.37,0.0,0.309,0.279,92.037,3.21195,56uBMvAujYa1ZLSqkYk6hg,final,2020
2K9kZpwD2CzTa6iiSYYOoO,Leão,1yR65psqiazQpeM79CcGh8,Marília Mendonça,44GonyeOgM1vGc9uHpoimf,166774,2022-12-09,70,0.743,0.865,6,-3.897,1,0.0315,0.449,3.05e-06,0.297,0.794,129.999,2.7795666666666667,56uBMvAujYa1ZLSqkYk6hg,final,2022
4NqBgOGE188J3IhF4I5O1E,Pisando Na Lua - Acústico,0vLuOi2k62sHujIfplInlK,Hungria Hip Hop,58UBmFSA3MNkDloRrt2Mxr,246103,2020-08-21,59,0.732,0.61,11,-6.14,0,0.0435,0.775,1.19e-06,0.172,0.955,132.037,4.1017166666666665,56uBMvAujYa1ZLSqkYk6hg,final,2020
6Ja1J5yPAcEabk0k2ICofc,Nossa Lei,2zGf6lwQ9PxXdoeo5XXP2K,Projota,4nzQG1N55mBox4sk26s2Ti,200151,2020-09-11,37,0.746,0.581,0,-6.827,0,0.0871,0.188,0.0,0.101,0.809,144.102,3.33585,56uBMvAujYa1ZLSqkYk6hg,final,2020
2zQH8X2mcvaNu06KezlIUe,Sr. Presidente,2zGf6lwQ9PxXdoeo5XXP2K,Projota,2kYipzyOx3iAyqBxpRopCB,213707,2018-08-14,37,0.803,0.602,4,-9.482,0,0.232,0.0367,0.0,0.185,0.71,152.009,3.5617833333333335,56uBMvAujYa1ZLSqkYk6hg,final,2018
3s8TFf8BuGZ3k6bTw7izJy,Vendaval,0GWNKI3VPEcJsOIEhUjmxd,Rael,0kwClqW6ZjFBmyfVI7oEpG,168293,2019-09-12,33,0.883,0.754,0,-7.186,1,0.134,0.166,2.4e-06,0.0382,0.575,98.018,2.804883333333333,56uBMvAujYa1ZLSqkYk6hg,final,2019
3QpkDyuXdjxhIyLyKtyC6O,Ilusão,7gJN8W0589FisSYJS17K54,Filipe Ret,06ZRaFS4lY8dQQXTYrAlOZ,217731,2019-11-08,66,0.596,0.607,5,-6.682,0,0.209,0.34,0.0,0.0808,0.446,129.252,3.62885,56uBMvAujYa1ZLSqkYk6hg,final,2019
1ZMa6di1QVUJjAw3uvQrtG,Psicose,0vLuOi2k62sHujIfplInlK,Hungria Hip Hop,2R63sSR9iv5SXnXPrmUJZM,178000,2020-06-05,57,0.717,0.556,4,-9.726,0,0.0486,0.083,0.0,0.388,0.594,109.992,2.966666666666667,56uBMvAujYa1ZLSqkYk6hg,final,2020
4iANxSIDT3kGekiquMSAgT,Embrasa,06lnOkY99sXVW44Y0M4BDP,Vitão,1O8LPICWMyVScYtJb3zdJ8,243020,2019-03-08,53,0.699,0.531,0,-5.714,1,0.0889,0.107,0.0,0.568,0.701,127.967,4.050333333333334,56uBMvAujYa1ZLSqkYk6hg,final,2019
35ZFS434PZDDofT9AXK62y,A Cura Tá no Coração,5BWqFYIPTnFx3OPWOoJvmD,Gabriel O Pensador,2kbAHf5ae9v2LWfWup43QH,228510,2020-05-15,39,0.84,0.667,6,-6.654,0,0.316,0.233,0.0,0.105,0.758,93.967,3.8085,56uBMvAujYa1ZLSqkYk6hg,final,2020
2RTb0qLCJ1I0Vco9hKsiTx,Photoshop,1xxS2WrLlgl9QNGEUCsbPG,Tribo da Periferia,1Wm1YuPwqEYEX485Z8bk9p,178723,2020-05-29,54,0.564,0.341,11,-12.19,0,0.218,0.478,0.0,0.104,0.234,93.65,2.9787166666666667,56uBMvAujYa1ZLSqkYk6hg,final,2020
7zHOinjs8uwIYR1pTHbMtI,Real Pensamento,2iK1rsbYstkSVn57M4s8ut,Gaab,5Mi2IIic0BXTzXpL8VUOhY,184320,2020-01-24,28,0.817,0.459,6,-11.139,0,0.154,0.109,3.03e-05,0.0935,0.373,125.016,3.072,56uBMvAujYa1ZLSqkYk6hg,final,2020
5fBZcYrDdbW8ghG1nK0aPC,Legacy,0vLuOi2k62sHujIfplInlK,Hungria Hip Hop,0an0QudM4dT5TAHq3EfwUY,175000,2021-03-26,57,0.757,0.356,9,-12.31,0,0.368,0.783,6.14e-06,0.244,0.437,138.03,2.9166666666666665,56uBMvAujYa1ZLSqkYk6hg,final,2021
5p3LIyy38s0QQNoSTwbZXX,AmarElo (Sample: Sujeito de Sorte - Belchior),2d9LRvQJnAXRijqIJDDs2K,Emicida,5cUY5chmS86cdonhoFdn8h,320800,2019-10-30,56,0.552,0.762,8,-6.367,1,0.361,0.0384,8.63e-06,0.0239,0.512,172.086,5.346666666666667,56uBMvAujYa1ZLSqkYk6hg,final,2019
3v72fdPPqFMe02My4QupwO,Não Troco,0vLuOi2k62sHujIfplInlK,Hungria Hip Hop,50D7SDW6YlAsynlygTwgFZ,277400,2017-11-23,60,0.77,0.191,8,-17.37,1,0.355,0.648,0.0,0.203,0.619,75.045,4.623333333333333,56uBMvAujYa1ZLSqkYk6hg,final,2017
5qy2LtEdX6VptGfA7qMpz2,Fugir Com o Sol,0IVBT8qQNwvHLzOJL6kGpE,Oriente,0Do91I6LdrrqYfv1BKQY92,188896,2017-09-03,41,0.757,0.712,6,-4.479,1,0.112,0.0373,0.0,0.141,0.521,98.042,3.1482666666666668,56uBMvAujYa1ZLSqkYk6hg,final,2017
7c1OyCwBQIpyyMD7ygRxer,Coração de Aço,0vLuOi2k62sHujIfplInlK,Hungria Hip Hop,4Nc4o5wWDru56mXoMeMngc,244141,2017-08-17,63,0.803,0.324,9,-13.118,0,0.202,0.836,0.0,0.572,0.283,133.957,4.069016666666666,56uBMvAujYa1ZLSqkYk6hg,final,2017
77jL1tq4HGzNeOJ8bW5Z8O,Uq Cê Vai Fazer,2fYAyTS2erZgqEHKHYqgi2,Edi Rock,5HZSxTHV1Okqedi83jpnbG,196000,2019-08-09,36,0.683,0.799,8,-5.369,0,0.179,0.102,4.49e-06,0.23,0.736,160.047,3.2666666666666666,56uBMvAujYa1ZLSqkYk6hg,final,2019
6EQlEImXmyV3vtbUXjBlr6,Fake,3jLj1sAQaEpLpktyJmyGIh,Lourena,1D9ujYdSlTdYgvndgCn8gx,156000,2019-10-18,32,0.774,0.717,0,-5.05,1,0.0821,0.0312,0.0,0.207,0.592,139.989,2.6,56uBMvAujYa1ZLSqkYk6hg,final,2019
70jMUCcZRPSbUxeKLHHKKp,Beijo Com Trap,0vLuOi2k62sHujIfplInlK,Hungria Hip Hop,2Jkz6SAtqu5BuUsisuKuGh,187882,2018-07-21,60,0.904,0.418,10,-10.961,0,0.0564,0.436,2.23e-05,0.106,0.51,120.003,3.1313666666666666,56uBMvAujYa1ZLSqkYk6hg,final,2018
6tyNDqpsKlyiQvZmUTHVFO,Canção Pro Tempo,2zGf6lwQ9PxXdoeo5XXP2K,Projota,2TsL9NFMTknpXO7P962oyj,230839,2017-07-28,43,0.78,0.688,5,-3.615,1,0.075,0.032,0.0,0.0945,0.858,77.026,3.8473166666666665,56uBMvAujYa1ZLSqkYk6hg,final,2017
7E7hUFEjmkxwiA3SMzXR25,Primeiro Milhão,0vLuOi2k62sHujIfplInlK,Hungria Hip Hop,5p5vm1mEEW436kQdSqBylZ,213447,2019-11-22,57,0.816,0.517,5,-9.359,1,0.191,0.466,0.0,0.153,0.435,130.045,3.55745,56uBMvAujYa1ZLSqkYk6hg,final,2019
0iAiunuKLLAUmQxgkcJza2,Caderninho,06lnOkY99sXVW44Y0M4BDP,Vitão,7uUKE2JUPT8sc0k2OMLL5D,220453,2019-02-01,46,0.706,0.183,3,-9.993,0,0.0592,0.714,0.0,0.12,0.789,118.239,3.6742166666666667,56uBMvAujYa1ZLSqkYk6hg,final,2019
3Vm5NxQWmQ5ozZpIJHjFaH,Pra Te Convencer,53iGNetIf91uZx4Jb54cgb,Haikaiss,4iKDTY4YzOLLhUqzDN7Lep,222378,2020-01-08,39,0.789,0.715,9,-3.804,0,0.339,0.279,0.0,0.0938,0.907,91.803,3.7063,56uBMvAujYa1ZLSqkYk6hg,final,2020
78m3BiWZ2dLGzElYwrIfFD,Pequenas Alegrias da Vida Adulta (feat. Marcos Valle e Thiago Ventura),2d9LRvQJnAXRijqIJDDs2K,Emicida,5cUY5chmS86cdonhoFdn8h,292013,2019-10-30,53,0.752,0.662,4,-8.011,0,0.485,0.56,0.0,0.0668,0.695,81.912,4.866883333333333,56uBMvAujYa1ZLSqkYk6hg,final,2019
3IqI8boTYbqJKEybByt4T3,Dame Mais,5bzWtCkjIAMgN93gLt56SO,Tropkillaz,7AS9FjLU3mFiBUWBLKHguO,194840,2018-12-13,51,0.727,0.837,9,-7.336,1,0.0671,0.024,8.14e-05,0.338,0.565,100.023,3.247333333333333,56uBMvAujYa1ZLSqkYk6hg,final,2018
4hpcc2wq84pilUgDbIPkDN,Nossa música,3zhKxZr516VdNDa8v3oft2,UM44K,7vdk9XKYqz9BL7mZlzIlfj,239642,2018-05-04,52,0.592,0.387,2,-9.567,1,0.0407,0.853,0.0,0.107,0.7,125.638,3.9940333333333333,56uBMvAujYa1ZLSqkYk6hg,final,2018
1BPkH7NwsbjEGwyMI7EtVE,A Rezadeira - Ao Vivo,2zGf6lwQ9PxXdoeo5XXP2K,Projota,0yBApZoOjSFH9gJR9d3hs3,263066,2016-05-27,47,0.59,0.903,1,-6.103,1,0.186,0.0895,0.0,0.226,0.528,139.952,4.384433333333333,56uBMvAujYa1ZLSqkYk6hg,final,2016
6EfnotM8sRsjXEsOgtZbCG,Tem Café,2iK1rsbYstkSVn57M4s8ut,Gaab,5NqdRURgrYqmk8H1GKGueM,262733,2017-01-01,64,0.63,0.415,0,-13.398,1,0.394,0.0348,0.0,0.0878,0.285,113.043,4.3788833333333335,56uBMvAujYa1ZLSqkYk6hg,final,2017
0wryAFpQqHTvhteQx7ZNp2,Edredom,06lnOkY99sXVW44Y0M4BDP,Vitão,1DGYrtJu0guCxcVcW7sinP,172700,2019-06-28,47,0.689,0.619,7,-6.164,1,0.358,0.178,0.0,0.375,0.71,95.922,2.8783333333333334,56uBMvAujYa1ZLSqkYk6hg,final,2019
1FpjfHwVh1ziha91Ng2o4P,É Tudo Pra Ontem,2d9LRvQJnAXRijqIJDDs2K,Emicida,3pJfsGB12RRU7KDDsRkAh1,310400,2020-12-10,51,0.629,0.522,2,-10.503,1,0.371,0.758,0.0,0.408,0.617,79.961,5.173333333333333,56uBMvAujYa1ZLSqkYk6hg,final,2020
7f7BUgSlavlGnvxd3KZN88,Pianista da Rua 6,1xxS2WrLlgl9QNGEUCsbPG,Tribo da Periferia,0qRzQgMAjG5MrOkO1ptOVp,212571,2019-12-27,57,0.704,0.499,7,-10.01,0,0.082,0.814,0.000167,0.153,0.348,139.969,3.54285,56uBMvAujYa1ZLSqkYk6hg,final,2019
4nZDBTRqMug013P4OcgwKg,Perto Do Céu,2zGf6lwQ9PxXdoeo5XXP2K,Projota,5D18S7h5lAjT0ZfL03Ci6l,219006,2019-04-26,34,0.734,0.564,3,-6.585,0,0.163,0.452,0.0,0.111,0.735,170.941,3.6501,56uBMvAujYa1ZLSqkYk6hg,final,2019
3nI0piSOxAik2RCpHGloB7,Só os Loucos Sabem,1on7ZQ2pvgeQF4vmIA09x5,Charlie Brown Jr.,0tbiBipiOorOAnL7XWFbgt,210493,2009-09-16,71,0.39,0.396,7,-8.18,1,0.0395,0.738,0.0,0.0991,0.57,192.178,3.5082166666666668,56uBMvAujYa1ZLSqkYk6hg,final,2009
4paYjBg6aiHEG2gLKkm5SM,Cuidado,2iK1rsbYstkSVn57M4s8ut,Gaab,5NqdRURgrYqmk8H1GKGueM,233267,2017-01-01,56,0.883,0.581,8,-5.421,0,0.0526,0.015,0.0,0.067,0.407,104.954,3.887783333333333,56uBMvAujYa1ZLSqkYk6hg,final,2017
6wPeI7N9ftieGTJt9HvQtt,Carro e Avião,1xKdiuYoOCM2oCMErUjvtq,Rodriguinho,0tQMFQLVJnQltB2YDH01rG,213346,2021-03-05,22,0.641,0.679,0,-7.285,1,0.0341,0.583,0.0,0.12,0.534,130.057,3.5557666666666665,56uBMvAujYa1ZLSqkYk6hg,final,2021
4XAvtwNN5wXaoCt8FocifW,Quem É Que Me Faz Rir,1xKdiuYoOCM2oCMErUjvtq,Rodriguinho,0tQMFQLVJnQltB2YDH01rG,134605,2021-03-05,32,0.604,0.741,9,-7.452,1,0.178,0.579,0.0,0.396,0.824,76.815,2.2434166666666666,56uBMvAujYa1ZLSqkYk6hg,final,2021
0n9b7WrRRZkTy8CfXjbZb4,Não Desista Agora,7gJN8W0589FisSYJS17K54,Filipe Ret,74v9BLECHPqKGRLfa24LRn,195000,2021-04-22,59,0.56,0.632,0,-5.839,1,0.131,0.287,0.0,0.0922,0.243,92.349,3.25,56uBMvAujYa1ZLSqkYk6hg,final,2021
4SM1LuaGr2UHJsIEIChTCB,Miopia Ocular - Versão Estúdio,1vppDmG3i5sXf3DJzrK4T1,Thiaguinho,4z5sEEGwUhN1gJej7V3kx2,187220,2019-05-24,38,0.644,0.608,2,-7.123,1,0.091,0.0107,0.0,0.142,0.582,173.903,3.1203333333333334,56uBMvAujYa1ZLSqkYk6hg,final,2019
2ppP3ZERRUsnjqdc5bt2v2,Made In Favela,0vLuOi2k62sHujIfplInlK,Hungria Hip Hop,0TNdEVIlaICYjSTIGW1Rtd,197320,2020-04-10,59,0.807,0.638,4,-7.958,0,0.0518,0.666,5.31e-05,0.16,0.53,132.042,3.288666666666667,56uBMvAujYa1ZLSqkYk6hg,final,2020
1rr3B3UAKOz3vzjuNfhLu3,Zerando a Vida,7tojcuXcZ7eBlQjbAc65Ee,MC Caverinha,7pPHwj4BAv1Q7IUjhRgGju,141913,2020-09-18,42,0.969,0.529,6,-5.841,1,0.247,0.418,0.0,0.0865,0.303,115.015,2.3652166666666665,56uBMvAujYa1ZLSqkYk6hg,final,2020
0c68eyAdaqYMdyVBjygaOK,Mil Coisas,2d9LRvQJnAXRijqIJDDs2K,Emicida,5531Q6ELSF96I2DG5ECnPY,202800,2019-05-27,42,0.745,0.511,9,-9.727,0,0.173,0.318,0.0,0.144,0.758,148.049,3.38,56uBMvAujYa1ZLSqkYk6hg,final,2019
3ZNt77s1KL5tjXhI2fVWEi,Salmo 23,2zGf6lwQ9PxXdoeo5XXP2K,Projota,0NFnJsRbZeNqa91C7O17S3,293269,2020-04-10,39,0.731,0.741,11,-5.636,0,0.193,0.126,0.0,0.293,0.362,156.018,4.887816666666667,56uBMvAujYa1ZLSqkYk6hg,final,2020
1LVC2W9HTzvlyvdCphRrsM,Mina,1E4r5qziZja6v8jA7iTqjn,Negra Li,760FOjC9V2eUovQHMo7TnN,203281,2018-11-23,26,0.753,0.527,11,-10.126,1,0.197,0.104,0.0,0.109,0.505,95.998,3.3880166666666667,56uBMvAujYa1ZLSqkYk6hg,final,2018
0mjKSQU26qyBDRKI75ETVE,Super Heroi - Acústico,0vLuOi2k62sHujIfplInlK,Hungria Hip Hop,58UBmFSA3MNkDloRrt2Mxr,202044,2020-08-21,54,0.36,0.701,2,-5.78,0,0.0652,0.724,8.47e-06,0.123,0.512,134.745,3.3674,56uBMvAujYa1ZLSqkYk6hg,final,2020
3MkdA6vwF0ifRl86yzTlJW,Kenny G,5nP8x4uEFjAAmDzwOEc9b8,Matuê,6dXKy9X9o0HpcF0YZjaWOa,189600,2019-09-04,70,0.417,0.767,9,-3.31,1,0.193,0.0778,0.0,0.113,0.152,72.573,3.16,56uBMvAujYa1ZLSqkYk6hg,final,2019
6UzHlvFqdBWe8DWJfSqgXf,Só Uma Noite,0Ludmn78UAusTsNCXgICrN,Fabio Brazza,7vVqtSivvSRuCd2fCxirTR,230157,2020-04-01,53,0.795,0.599,9,-7.001,0,0.255,0.265,0.0,0.0914,0.618,83.489,3.83595,56uBMvAujYa1ZLSqkYk6hg,final,2020
2FGhB10Gon36GgFcOTMQEW,Poesia Acústica #7: Céu Azul,09U6hmCerKcIJrixubiBjm,Pineapple StormTv,5IkIpMWgmSaXO0x9gzgelo,572038,2019-07-06,68,0.795,0.697,9,-4.276,0,0.31,0.0875,0.0,0.0997,0.543,102.756,9.533966666666666,56uBMvAujYa1ZLSqkYk6hg,final,2019
255ivmsvZvD7xgjAlkPZ6a,Online,2iK1rsbYstkSVn57M4s8ut,Gaab,5Mi2IIic0BXTzXpL8VUOhY,166666,2020-01-24,14,0.731,0.734,4,-5.966,0,0.155,0.492,0.0,0.156,0.652,90.041,2.7777666666666665,56uBMvAujYa1ZLSqkYk6hg,final,2020
5oI9blwsXC8AkTWw6wASY8,Máquina do Tempo,5nP8x4uEFjAAmDzwOEc9b8,Matuê,6ehm0SMBBoSxH8oSrFXre6,230400,2020-09-10,71,0.629,0.727,4,-4.387,0,0.0499,0.0647,0.0,0.138,0.132,149.978,3.84,56uBMvAujYa1ZLSqkYk6hg,final,2020
5LT3VAtPcUbfurNpjQrOwI,Marieva,2zGf6lwQ9PxXdoeo5XXP2K,Projota,5IGgEvthFIrd0FYV82sjMi,211142,2020-11-06,39,0.713,0.587,7,-6.626,1,0.0368,0.201,0.0,0.108,0.604,85.969,3.5190333333333332,56uBMvAujYa1ZLSqkYk6hg,final,2020
1CBjYXLotHrkiykMbI7EaU,Marília Mendonça,1WXbiUMl1AT9Inb619xPUg,BIN,46SOz1ZyHOohm8ADANNKGs,113519,2020-05-29,57,0.633,0.631,4,-6.847,0,0.296,0.3,0.0,0.1,0.512,139.755,1.8919833333333334,56uBMvAujYa1ZLSqkYk6hg,final,2020
6WDNG8SV8QY0j3nIjzZNGk,Inabalável,2zGf6lwQ9PxXdoeo5XXP2K,Projota,5IGgEvthFIrd0FYV82sjMi,229290,2020-11-06,36,0.811,0.607,2,-6.233,1,0.0666,0.0341,0.0,0.109,0.0535,109.94,3.8215,56uBMvAujYa1ZLSqkYk6hg,final,2020
3tqLTlt2O0300Aakkr0PEO,Vou Te Levar,0Ludmn78UAusTsNCXgICrN,Fabio Brazza,0N9FuUX9s8kpPuTOxtq0kt,176745,2018-11-29,42,0.634,0.335,9,-12.401,1,0.315,0.854,0.0,0.101,0.631,79.144,2.94575,56uBMvAujYa1ZLSqkYk6hg,final,2018
2PCjcSKKdxjaRNi4j7z7VM,Te Ligo e Você Não Atende,60FCr24uBUSiwk75v0vfVS,LUTHULY,52wDmyKzjkeSKa6F4l0FeT,223869,2020-10-23,28,0.769,0.469,5,-9.411,1,0.0362,0.333,2.46e-06,0.156,0.615,115.001,3.73115,56uBMvAujYa1ZLSqkYk6hg,final,2020
2MSxGNC8IvvmmD2fS02I7B,Malandro Chora,1E4r5qziZja6v8jA7iTqjn,Negra Li,760FOjC9V2eUovQHMo7TnN,173476,2018-11-23,11,0.758,0.488,7,-10.16,0,0.367,0.363,0.0,0.104,0.685,93.885,2.8912666666666667,56uBMvAujYa1ZLSqkYk6hg,final,2018
26dxrRJqzLXS6PTtOq7zgm,Como a chuva cai,5xYkM2vMrE23taj6tl7qkm,Pk,4RF07dFHIZhmBLFU9kUU4R,152086,2020-06-26,51,0.74,0.477,1,-8.374,1,0.258,0.391,0.0,0.191,0.151,135.996,2.5347666666666666,56uBMvAujYa1ZLSqkYk6hg,final,2020
3T3ojh3BzJMzWTSjzGaejG,Câncer,5YwzDz4RJfTiMHS4tdR5Lf,Xamã,0drpSoLid5OVerEWbDyrMR,236000,2020-12-14,52,0.691,0.525,9,-7.772,0,0.44,0.55,0.0,0.12,0.584,88.167,3.933333333333333,56uBMvAujYa1ZLSqkYk6hg,final,2020
5NuLHd2ac91p7u68eAhD0m,Água e Sal,1MzXJ8AaHdidMAnjgcahS4,Delacruz,4DVfzz0qCioBqoe7zy7kwm,204707,2020-03-06,38,0.691,0.406,6,-14.366,0,0.105,0.447,0.000318,0.114,0.506,99.053,3.411783333333333,56uBMvAujYa1ZLSqkYk6hg,final,2020
6FB3v4YcR57y4tXFcdxI1E,I Knew You Were Trouble.,06HL4z0CvFAxyc27GXpf02,Taylor Swift,4jTYApZPMapg56gRycOn0D,219720,2012-10-22,78,0.622,0.469,3,-6.798,0,0.0363,0.00454,2.25e-06,0.0335,0.679,77.019,3.662,56uBMvAujYa1ZLSqkYk6hg,final,2012
3k3NWokhRRkEPhCzPmV8TW,Ojitos Lindos,4q3ewBCX7sLwd24euuV69X,Bad Bunny,3RQQmkQEvNCY4prGKE6oc5,258298,2022-05-06,94,0.647,0.686,3,-5.745,0,0.0413,0.08,1.34e-06,0.528,0.268,79.928,4.304966666666667,56uBMvAujYa1ZLSqkYk6hg,final,2022
3JvKfv6T31zO0ini8iNItO,Another Love,2txHhyCwHjUEpJjWrEyqyX,Tom Odell,0Gf1yE895FKK4YWVRuAeg8,244360,2013-06-24,94,0.445,0.537,4,-8.532,0,0.04,0.695,1.65e-05,0.0944,0.131,122.769,4.072666666666667,56uBMvAujYa1ZLSqkYk6hg,final,2013
0QBzMgT7NIeoCYy3sJCof1,Bam Bam (feat. Ed Sheeran),4nDoRrQiYLoBzwC5BhVJzF,Camila Cabello,6FIMt58naoGYrOe4Wn2P3n,206070,2022-03-04,83,0.756,0.697,8,-6.377,1,0.0401,0.182,0.0,0.333,0.956,94.996,3.4345,56uBMvAujYa1ZLSqkYk6hg,final,2022
4tYFy8ALRjIZvnvSLw5lxN,Party,4q3ewBCX7sLwd24euuV69X,Bad Bunny,3RQQmkQEvNCY4prGKE6oc5,227628,2022-05-06,89,0.829,0.799,9,-5.389,1,0.0897,0.0151,0.000543,0.242,0.471,97.013,3.7938,56uBMvAujYa1ZLSqkYk6hg,final,2022
18asYwWugKjjsihZ0YvRxO,The Motto,2o5jDhtHVPhrJdv3cEQ99Z,Tiësto,278z9UXJaMNDH9Bel9uAxV,164818,2021-11-04,85,0.754,0.763,7,-4.627,0,0.0435,0.0301,2.23e-05,0.0901,0.464,117.953,2.746966666666667,56uBMvAujYa1ZLSqkYk6hg,final,2021
5CZ40GBx1sQ9agT82CLQCT,traitor,1McMsnEElThX1knmY4oliG,Olivia Rodrigo,6s84u2TUpR3wdUv4NgKA2j,229226,2021-05-21,87,0.38,0.339,3,-7.885,1,0.0338,0.691,0.0,0.12,0.0849,100.607,3.8204333333333333,56uBMvAujYa1ZLSqkYk6hg,final,2021
0T5iIrXA4p5GsubkhuBIKV,Until I Found You,5XKFrudbV4IiuE5WuTPRmT,Stephen Sanchez,18CtLoAMTr7F8ngtuM6D8i,177720,2021-09-01,89,0.539,0.508,10,-6.05,1,0.0288,0.727,0.0,0.174,0.227,101.358,2.962,56uBMvAujYa1ZLSqkYk6hg,final,2021
4gzsuuZypVbxs0Af1LSZyB,Lo Siento BB:/ (with Bad Bunny & Julieta Venegas),0GM7qgcRCORpGnfcN2tCiB,Tainy,4589OIFRZp41qbsp7TWFCx,207301,2021-10-05,86,0.639,0.703,4,-6.33,0,0.0794,0.0889,1.78e-06,0.0865,0.138,169.888,3.455016666666667,56uBMvAujYa1ZLSqkYk6hg,final,2021
3AQ5NssLWxymYXieUxx0cZ,Arcade,3klZnJvYGIbWritVwQD434,Duncan Laurence,3204xz1w0KPgaXDOuQ5kMu,185146,2021-04-05,3,0.447,0.348,9,-11.474,0,0.0433,0.816,0.00158,0.14,0.235,72.18,3.0857666666666668,56uBMvAujYa1ZLSqkYk6hg,final,2021
2mrCfuTOJgWC4RPx8RblQk,Pierre,2MuFzH1J5I6gGFYo2qhZmX,Ryn Weaver,3204xz1w0KPgaXDOuQ5kMu,202746,2021-04-05,1,0.607,0.827,9,-4.279,1,0.0483,0.289,2.84e-06,0.718,0.552,100.066,3.3791,56uBMvAujYa1ZLSqkYk6hg,final,2021
0GASGMsvFkhYOohdBnMdtx,Somebody That I Used To Know,2AsusXITU8P25dlRNhcAbG,Gotye,3204xz1w0KPgaXDOuQ5kMu,245755,2021-04-05,4,0.865,0.511,0,-6.983,1,0.0362,0.544,9.38e-05,0.102,0.774,129.059,4.095916666666667,56uBMvAujYa1ZLSqkYk6hg,final,2021
